"investor","deal_count","total_invested","avg_deal_size","companies_invested","sectors_covered","first_deal_year","last_deal_year"
"Undisclosed Firm",3712,33200,8.94878706199461,1375,13,2005,2024
"GIC Special Investments Pte Ltd",65,5434,83.6,41,8,2006,2024
"Warburg Pincus LLC",203,5379,26.4975369458128,66,10,2005,2024
"Carlyle Group Inc",48,5326,110.958333333333,30,7,2006,2024
"Temasek Holdings Pvt Ltd",81,4604,56.8395061728395,49,8,2005,2024
"Kohlberg Kravis Roberts & Co LP",93,4086,43.9354838709677,57,10,2008,2024
"Abu Dhabi Investment Authority",27,4072,150.814814814815,18,8,2015,2023
"Blackstone Inc",78,3606,46.2307692307692,66,10,2006,2024
"Public Investments Fund",3,3300,1100,3,2,2020,2020
"General Atlantic LLC",50,3098,61.96,25,8,2005,2024
"TPG Inc",68,2906,42.7352941176471,39,10,2008,2024
"Tiger Global Management LLC",133,2814,21.1578947368421,62,7,2010,2024
"Brookfield Infrastructure Partners Lp",4,2605,651.25,2,2,2019,2024
"Silver Lake Technology Management LLC",2,2367,1183.5,2,2,2020,2020
"Peak Xv Partners",170,1681,9.88823529411765,106,8,2005,2024
"International Finance Corp",115,1675,14.5652173913043,85,10,2006,2024
"Vista Equity Partners Management LLC",1,1500,1500,1,1,2020,2020
"SB Investment Advisers (UK) Ltd",23,1479,67.2272727272727,12,4,2017,2022
"Mubadala Capital",2,1462,731,2,2,2020,2022
"Goldman Sachs Asset Management International LLC",60,1434,23.9,39,9,2006,2023
"ChrysCapital LLP",51,1292,25.3333333333333,41,7,2005,2024
"Alpha Wave Global LP",56,1122,20.0357142857143,33,7,2015,2024
"CDP Capital Private Equity",18,1113,61.8333333333333,11,5,2016,2022
"Morgan Stanley Real Estate Fund",4,1112,278,4,2,2006,2019
"Norwest Venture Partners",97,1100,11.340206185567,45,6,2006,2024
"Canada Pension Plan Investment Board",33,1098,33.2727272727273,22,7,2014,2024
"Kotak Alternate Asset Managers Limited",61,1089,17.8524590163934,55,8,2005,2024
"EQT Private Capital Asia",26,1057,40.6538461538462,20,7,2007,2024
"Prosus Ventures NV",24,1015,42.2916666666667,14,4,2018,2024
"Bain Capital LP",15,994,66.2666666666667,13,6,2010,2023
"Actis Llp",32,919,28.71875,22,9,2005,2024
"British International Investment PLC",58,895,15.4310344827586,40,7,2007,2024
"Advent International LP",31,884,28.5161290322581,18,7,2007,2024
"Lightspeed Management Co LLC",51,856,16.7843137254902,27,6,2006,2024
"Mubadala Infrastructure Partners Ltd (Abu Dhabi Branch)",1,845,845,1,1,2020,2020
"CVC Capital Partners SICAV-FIS SA",5,833,166.6,4,4,2020,2024
"Affirma Capital Managers Singapore Pte Ltd",37,821,22.1891891891892,27,9,2007,2022
"DST Global",10,790,79,6,2,2014,2021
"IDFC Alternatives Ltd",45,783,17.4,37,10,2005,2021
"Premji Invest",28,778,27.7857142857143,21,5,2012,2024
"Accel Partners Management LLP",103,770,7.47572815533981,60,8,2009,2024
"Brookfield Asset Management Inc",13,760,58.4615384615385,12,5,2018,2024
"Westbridge Capital Management Llc",48,758,15.7916666666667,31,9,2013,2024
"Morgan Stanley Capital Partners",47,746,15.8723404255319,37,8,2005,2024
"British Columbia Investment Management Corp",2,742,371,1,1,2020,2024
"Dubai International Capital LLC",1,742,742,1,1,2007,2007
"Softbank Group Corp",7,735,105,5,2,2009,2018
"BlackRock Inc",7,702,100.285714285714,6,5,2014,2024
"Google for India Digitization Fund",1,700,700,1,1,2022,2022
"Fairfax India Holdings Corp",17,689,40.5294117647059,10,7,2015,2024
"GFH Financial Group BSC",1,630,630,1,1,2007,2007
"Elevation Capital",98,589,6.01020408163265,58,8,2005,2024
"Brookfield Property Partners LP",1,576,576,1,1,2019,2019
"ICICI Venture Funds Management Company Ltd",66,564,8.54545454545454,55,11,2005,2024
"Kedaara Capital Investment Managers Ltd",26,549,21.1153846153846,21,7,2014,2024
"Sequoia Capital Operations LLC",54,537,9.94444444444444,38,7,2005,2022
"National Investment & Infrastructure Fund Limited",15,485,32.3333333333333,11,6,2018,2024
"Z47",66,431,6.53030303030303,44,8,2006,2024
"MOPE Investment Advisors Pvt Ltd",48,429,8.9375,39,8,2007,2024
"Piramal Private Equity",18,421,23.3888888888889,18,7,2012,2024
"Indiareit Fund Advisors Pvt Ltd",25,415,16.6,20,2,2006,2013
"Nexus Venture Partners",64,394,6.15625,35,8,2006,2024
"Qatar Investment Authority",6,366,61,4,3,2021,2024
"IL & FS Investment Managers Ltd",39,358,9.17948717948718,36,8,2005,2021
"360 One Wam Group",41,351,8.5609756097561,35,8,2012,2024
"Think Investments LP",11,346,31.4545454545455,8,3,2020,2022
"Moore Strategic Ventures LLC",11,337,30.6363636363636,6,3,2020,2024
"Xander Group Inc",12,331,27.5833333333333,11,4,2011,2021
"True North Ventures Pvt Ltd",38,330,8.68421052631579,33,8,2005,2022
"Wellington Management Company LLP",5,325,65,3,2,2010,2021
"3i Group PLC",17,309,18.1764705882353,15,6,2005,2023
"Multiples Alternate Asset Management Pvt Ltd",28,305,10.8928571428571,21,7,2011,2024
"General Catalyst Group Management LLC",11,298,27.0909090909091,8,4,2020,2024
"Chiratae Ventures India Advisors Pvt Ltd",80,297,3.7125,47,6,2007,2024
"Brookfield Business Partners LP",1,295,295,1,1,2020,2020
"TA Associates Management LP",20,286,14.3,15,6,2010,2024
"B Capital Group Management LP",15,285,19,10,5,2017,2022
"Hines Interests LP",3,285,95,3,1,2008,2021
"Greenoaks Capital Partners LLC",4,284,71,2,2,2017,2024
"New Silk Route Partners LLC",15,274,18.2666666666667,14,7,2007,2013
"Avenir Growth Capital",7,270,38.5714285714286,3,3,2021,2024
"Creation Investments Capital Management LLC",16,266,16.625,12,3,2011,2022
"Amansa Capital Pte Ltd",6,265,44.1666666666667,5,3,2019,2022
"Kalaari Capital Advisors Pvt Ltd",67,264,3.94029850746269,53,7,2007,2024
"Apollo Global Management Inc",7,258,36.8571428571429,7,4,2007,2022
"Blume Venture Advisors Pvt Ltd",98,252,2.57142857142857,68,8,2011,2024
"Deer Management Co LLC",56,250,4.46428571428571,32,8,2005,2024
"L Catterton Management Ltd",1,250,250,1,1,2020,2020
"Partners Group Holding AG",7,250,35.7142857142857,6,5,2016,2022
"TVS Capital Funds Ltd",26,250,9.61538461538461,18,6,2009,2024
"India Quotient Advisers Llp",24,247,10.2916666666667,17,4,2015,2024
"Siva Ventures, LLC",2,240,120,2,2,2009,2011
"Ascent Capital Advisors India Pvt Ltd",28,236,8.42857142857143,24,7,2005,2024
"Everstone Capital Asia Pte. Ltd",39,230,6.05263157894737,31,7,2006,2024
"Augment Infrastructure Partners UGP LLC",2,223,111.5,1,1,2021,2021
"OMERS Infrastructure Management Inc",1,219,219,1,1,2021,2021
"Lone Pine Capital LLC",9,218,24.2222222222222,3,1,2020,2023
"Mirae Asset Venture Investment Co Ltd",19,210,11.0526315789474,11,4,2019,2024
"Jacob Ballas Capital India Pvt Ltd",8,202,25.25,8,5,2007,2012
"Eversource Capital Pvt Ltd",8,201,25.125,5,2,2019,2022
"Evolvence Capital Ltd",26,201,7.73076923076923,23,7,2007,2024
"Gaja Capital Partners",19,201,10.5789473684211,15,7,2010,2024
"Eight Roads Services (UK) Ltd",27,199,7.37037037037037,18,5,2014,2024
"Morgan Stanley Alternative Investment Partners LP",2,199,99.5,1,1,2013,2014
"Steadview Capital Management LLC",17,199,11.7058823529412,12,4,2019,2024
"CX Advisors LLP",21,198,9.42857142857143,18,7,2010,2024
"Ontario Teachers' Pension Plan Board",15,198,13.2,9,5,2022,2024
"GEF Management Corp",6,197,32.8333333333333,5,2,2009,2015
"Investcorp Holdings BSC",18,197,10.9444444444444,12,8,2019,2024
"Coatue Management LLC",3,196,65.3333333333333,2,2,2018,2022
"Faering Capital Pvt Ltd",18,195,10.8333333333333,11,5,2011,2024
"Aspada Investment Advisors Pvt Ltd",24,188,7.83333333333333,19,7,2015,2024
"IIFL Finance Ltd",27,187,6.92592592592593,22,6,2016,2024
"Apax Partners LLP",27,185,6.85185185185185,7,3,2007,2024
"Creador Capital Group",16,182,11.375,14,6,2012,2024
"OppenheimerFunds Inc",1,179,179,1,1,2013,2013
"Ribbit Capital LP",14,179,12.7857142857143,6,2,2017,2023
"Y Combinator Management LLC",26,176,6.76923076923077,15,6,2018,2024
"Baring Private Equity Partners India Ltd",36,175,4.86111111111111,20,7,2006,2024
"Reliance Capital Ventures Ltd",21,175,8.33333333333333,18,7,2005,2013
"Trifecta Capital Partners Ltd",44,170,3.86363636363636,35,8,2016,2024
"Leapfrog Investments Group Ltd",16,169,10.5625,14,4,2011,2024
"Jm Finl Invest Managers Ltd",17,168,9.88235294117647,16,7,2006,2024
"Red Fort Capital Advisors Pvt Ltd",8,168,21,8,4,2011,2023
"Beenext Pte Ltd",35,163,4.65714285714286,24,5,2015,2024
"Adv Partners Ltd",9,162,18,7,4,2015,2022
"Samara Capital Management Ltd",31,161,5.19354838709677,19,8,2007,2024
"Greater Pacific Capital Llp",5,160,32,4,4,2008,2022
"Mapletree Investments Pte Ltd",3,158,52.6666666666667,3,2,2011,2020
"Aditya Birla PE Advisors Pvt Ltd",17,154,9.05882352941176,15,6,2008,2022
"L Capital Asia LLC",6,154,25.6666666666667,4,1,2011,2018
"Just Climate LLP",1,150,150,1,1,2024,2024
"Masdar Capital",1,150,150,1,1,2019,2019
"Quadrangle Group LLC",1,150,150,1,1,2010,2010
"Citi Venture Capital International",29,149,5.13793103448276,24,9,2005,2013
"Helion Venture Partners LLC",43,149,3.46511627906977,28,8,2006,2018
"Pacific Alliance Group Ltd",8,145,18.125,7,4,2020,2024
"Hillhouse Capital Management Ltd",5,143,28.6,4,3,2015,2024
"Ask Property Investment Advisors Pvt Ltd",8,142,17.75,6,3,2012,2019
"HDFC Capital Advisors Ltd",9,141,15.6666666666667,8,4,2021,2024
"Vy Capital Partners Ltd",8,139,17.375,2,1,2014,2021
"CLSA Capital Partners (HK) Ltd",10,134,13.4,7,2,2005,2015
"Avigo Capital Partners Pvt Ltd",10,133,13.3,10,6,2007,2013
"Capital International Inc",4,131,32.75,4,4,2007,2015
"Providence Equity Partners LLC",7,129,18.4285714285714,5,2,2009,2015
"Vertex Investment",17,128,7.52941176470588,8,4,2012,2024
"Zodius Capital",10,128,12.8,7,3,2015,2021
"Quadria Capital Investment Advisors Pvt Ltd",6,126,21,5,3,2013,2021
"EIG Global Energy Partners LLC",1,125,125,1,1,2014,2014
"Macquarie Asset Management",1,122,122,1,1,2015,2015
"Jungle Ventures Pte Ltd",16,120,7.5,10,4,2013,2024
"StepStone Group LP",5,119,23.8,5,4,2023,2024
"Edelweiss Financial Services Ltd",13,118,9.07692307692308,10,4,2010,2024
"57 Stars LLC",4,117,29.25,4,4,2020,2022
"Lightbox Management Ltd",19,115,6.05263157894737,11,6,2017,2024
"Sixth Sense Ventures Advisors LLP",31,115,3.70967741935484,21,7,2019,2024
"3one4 Capital Advisors LLP",30,114,3.8,20,6,2017,2024
"Dragoneer Investment Group LLC",7,114,16.2857142857143,5,2,2021,2022
"Lightrock Llp",9,114,12.6666666666667,7,4,2019,2022
"Bridgepoint Advisers II Ltd",1,109,109,1,1,2005,2005
"Alteria Capital Advisors Llp",60,107,1.78333333333333,43,7,2018,2024
"Twitter Ventures",2,107,53.5,1,1,2020,2021
"Abu Dhabi Developmental Holding Company PJSC",3,105,35,3,2,2021,2023
"JITO Incubation & Innovation Foundation",25,105,4.2,20,6,2020,2024
"Asian Development Bank",11,104,9.45454545454546,9,6,2014,2023
"Stellex Capital Management LP",1,104,104,1,1,2022,2022
"IEP Fund Advisors Pvt Ltd",20,103,5.15,16,8,2007,2023
"Csfb Private Equity Advisers",7,102,14.5714285714286,7,4,2007,2016
"Elevar Equity Advisors Pvt Ltd",17,102,6,12,4,2008,2024
"IIMA Ventures",6,100,16.6666666666667,6,4,2022,2024
"Keiretsu Forum Mumbai",1,100,100,1,1,2022,2022
"New Vernon Pvt Equity Ltd",17,100,5.88235294117647,15,5,2005,2011
"Newbridge Capital Ltd",1,100,100,1,1,2006,2006
"Star Virtue Investments Ltd",1,100,100,1,1,2019,2019
"True North Equity LLC",1,100,100,1,1,2017,2017
"Avataar Venture Partners",9,99,11,6,4,2020,2024
"Eight Innovate Inc",6,98,16.3333333333333,3,1,2020,2024
"Verlinvest SA",8,96,12,6,4,2016,2023
"Dmi Alternatives Pvt Ltd",11,95,8.63636363636364,8,1,2020,2023
"Lok Advisory Services Pvt Ltd",28,95,3.39285714285714,20,5,2007,2024
"Innoven Capital India Pvt Ltd",43,94,2.18604651162791,37,8,2017,2024
"Notable Capital",8,93,11.625,4,3,2020,2022
"Tata Capital Ltd",19,93,4.89473684210526,19,7,2007,2024
"Mayfield Fund, LLC.",33,92,3.17241379310345,23,6,2008,2024
"New Enterprise Associates Inc",17,92,5.41176470588235,11,5,2005,2018
"Khazanah Nasional Bhd",4,90,22.5,4,3,2007,2015
"Beijing Shun Wei Capital Investment Consulting Co Ltd",8,89,11.125,5,1,2018,2021
"Bertelsmann India Investments",16,89,5.5625,10,6,2016,2024
"Goodwater Capital LLC",9,89,9.88888888888889,8,4,2021,2024
"Intel Capital Corp",29,89,3.06896551724138,24,5,2006,2015
"Omidyar Network Commons LLC",29,89,3.06896551724138,18,5,2008,2023
"Qatar Holding LLC",1,89,89,1,1,2021,2021
"Merrill Lynch Capital Partners  Inc",4,88,22,4,3,2007,2007
"responsAbility Investments AG",23,88,3.82608695652174,17,5,2015,2024
"Henderson Global Investors Ltd",4,87,21.75,4,3,2005,2021
"Toscafund Asset Management LLP",1,86,86,1,1,2020,2020
"Tano Capital LLC",12,85,7.08333333333333,9,6,2006,2014
"Abraaj Capital Ltd",18,84,4.66666666666667,15,8,2006,2016
"Chimera Capital Ltd",4,84,21,4,3,2022,2024
"Venture Catalysts Pvt Ltd",98,84,0.857142857142857,76,8,2017,2024
"Alpha Capital Advisors Pvt Ltd",10,82,8.2,7,4,2017,2024
"GMS Holdings",3,82,27.3333333333333,1,1,2014,2021
"R & Associes SAS",1,82,82,1,1,2010,2010
"General Catalyst India",15,81,5.4,11,1,2017,2024
"Neuberger Berman Bd LLC",2,81,40.5,2,1,2021,2021
"Orbimed Advisors LLC",5,81,16.2,5,3,2009,2022
"Saama Capital LLC",26,81,3.11538461538462,19,5,2013,2024
"Qualcomm Ventures",21,80,3.80952380952381,18,3,2010,2024
"Avendus PE Investment Advisors Pvt Ltd",8,79,9.875,6,3,2009,2024
"Glade Brook Capital LLC",3,79,26.3333333333333,3,3,2021,2024
"Mosaic Media Ventures Pvt Ltd",23,79,3.43478260869565,17,4,2017,2024
"Rtp Global Uk Ltd",9,78,8.66666666666667,6,2,2013,2022
"Apis Partners LLP",6,77,12.8333333333333,5,2,2016,2021
"Sofina SA",10,77,7.7,7,5,2017,2024
"Kaizen Private Equity",10,76,7.6,7,3,2011,2023
"Omidyar Network India Advisors Pvt Ltd",33,76,2.3030303030303,23,4,2018,2024
"Coinbase Ventures",3,75,25,2,1,2021,2022
"Intermediate Capital Group PLC",4,75,18.75,3,3,2005,2023
"Samena Capital Management LLP",10,75,7.5,6,4,2011,2019
"Arkam Ventures",14,73,5.21428571428571,9,3,2020,2024
"Better Capital LLP",3,73,24.3333333333333,2,2,2020,2021
"Canaan Management Inc",23,73,3.17391304347826,10,4,2008,2015
"DSG Consumer Partners",32,73,2.28125,21,4,2015,2024
"Ward Ferry Management Ltd",3,73,24.3333333333333,3,3,2020,2021
"Axis Pvt Equity Ltd",5,72,14.4,5,3,2008,2023
"IvyCap Ventures Advisors Pvt Ltd",26,72,2.76923076923077,22,5,2013,2024
"Mandala Capital Ltd",7,72,10.2857142857143,4,3,2014,2021
"Clearwater Capital Partners Cyprus Ltd",10,71,7.1,7,3,2008,2013
"Aif Capital Asia Iii LP",4,70,17.5,4,3,2007,2010
"FIL Capital Advisors (India) Pvt Ltd",9,70,7.77777777777778,7,4,2009,2017
"Fundamentum Advisors LLP",9,70,7.77777777777778,4,2,2019,2023
"G Squared",6,70,11.6666666666667,3,2,2021,2022
"Unbound Ltd",2,70,35,1,1,2019,2020
"Global Emerging Markets",1,69,69,1,1,2021,2021
"Mitsui & Co. Global Investment Inc",3,69,23,2,2,2011,2015
"Orios Venture Partners",20,69,3.45,14,4,2014,2024
"Athena Capital Partners LLC",1,68,68,1,1,2011,2011
"Exor Ventures",3,68,22.6666666666667,2,1,2020,2022
"Nalanda Capital Pte Ltd",7,68,9.71428571428571,5,5,2015,2022
"Avra Capital",1,67,67,1,1,2024,2024
"Brand Capital",9,67,7.44444444444444,9,3,2013,2024
"Contrary LLC",1,67,67,1,1,2024,2024
"Jp Morgan Partners LLC",4,67,16.75,4,3,2006,2011
"Paragon Advisor Partners Llp",9,67,7.44444444444444,9,4,2016,2023
"Seventrain Ventures",1,67,67,1,1,2021,2021
"Axis Asset Management Co Ltd",6,66,11,6,4,2022,2024
"Inventus Capital Partners",31,66,2.12903225806452,24,5,2008,2024
"Mount Kellett Capital Hong Kong Ltd",2,65,32.5,2,2,2012,2012
"Prime Venture Partners",20,65,3.25,15,6,2017,2024
"Templeton Asset Management Ltd",5,65,13,4,4,2005,2013
"Tencent Investment",4,65,16.25,4,1,2020,2024
"Baer Capital Partners Ltd",8,63,7.875,7,4,2007,2012
"Convergent Finance LLP",9,63,7,6,4,2019,2024
"DEG-Deutsche Investitionsund Entwicklungsgesellschaft mbH",13,63,4.84615384615385,13,5,2009,2024
"Norfund",5,63,12.6,4,3,2005,2024
"Sands Capital Management LLC",5,63,12.6,3,3,2016,2021
"TCMI Inc",6,63,10.5,2,1,2021,2023
"Tanglin Venture Partners Pte Ltd",8,63,7.875,7,4,2020,2024
"A91 Partners LLP",12,62,5.16666666666667,10,5,2019,2024
"Accel India Venture Fund",21,61,2.9047619047619,17,6,2008,2024
"Fasanara Capital Ltd",2,61,30.5,2,2,2022,2022
"Gulf Islamic Investments Llc",4,61,15.25,4,3,2021,2024
"Harbourvest Partners LLC",5,61,12.2,3,2,2011,2024
"Lighthouse Advisors India Pvt Ltd",10,61,6.1,9,6,2007,2024
"Snow Leopard Technology Ventures LLP",5,61,12.2,4,2,2015,2022
"Fairbridge Capital (Mauritius) Ltd",4,59,14.75,1,1,2012,2021
"Oaktree Capital Management LP",4,58,14.5,4,3,2013,2022
"Oman India Joint Investment Fund Management Company Pvt Ltd",8,58,7.25,8,3,2014,2022
"100Unicorns",39,57,1.46153846153846,31,6,2020,2024
"Epiq Capital Investment Advisory LLP",11,57,5.18181818181818,8,3,2018,2024
"Advent Global Opportunities Management LLC",2,56,28,2,1,2021,2021
"Clairvest Group Inc",5,56,11.2,2,2,2017,2017
"Netherlands Development Finance Co NV",12,56,4.66666666666667,10,4,2006,2022
"SIDBI Venture Capital Ltd",22,56,2.54545454545455,22,6,2006,2024
"Equity International Properties Ltd",4,55,13.75,2,1,2011,2021
"Maj Invest Holding As",7,55,7.85714285714286,4,3,2019,2024
"Mars Growth Capital Pte Ltd",5,55,11,5,3,2021,2024
"Altimeter Capital Management LP",4,54,13.5,3,2,2015,2023
"Capital International Asia CDPQ",2,54,27,1,1,2006,2010
"HPEF Capital Partners Ltd",2,54,27,2,2,2005,2007
"Industrialiseringsfonden for Udviklingslandene IFU",3,54,18,3,3,2021,2024
"Multiply Ventures",5,54,10.8,4,3,2021,2024
"Aavishkaar Venture Management Services Pvt Ltd",23,52,2.26086956521739,18,7,2008,2024
"Darby Overseas Investments ltd",8,52,6.5,8,7,2009,2014
"Gef Capital Partners LLC",7,52,7.42857142857143,7,3,2021,2024
"HealthQuad Advisors Pvt Ltd",14,52,3.71428571428571,9,3,2018,2024
"J.P. Morgan Alternative Asset Management Inc",3,52,17.3333333333333,2,2,2005,2013
"Matrix Partners LP",11,52,4.72727272727273,9,4,2007,2021
"NewQuest Capital Advisors HK Ltd",8,52,6.5,6,4,2015,2023
"American International Group Inc",2,51,25.5,2,2,2008,2008
"Proparco SA",6,51,8.5,6,4,2009,2022
"Tata Capital General Partners LLP",4,51,12.75,4,2,2013,2023
"Uncorrelated Ventures",3,51,17,2,2,2021,2022
"Unitas Capital Pte Ltd",1,51,51,1,1,2008,2008
"Fortress Investment Group LLC",1,50,50,1,1,2007,2007
"Galleon Group",2,50,25,2,2,2007,2007
"ISTITHMAR WORLD CAPITAL PJSC",2,50,25,1,1,2005,2007
"Knollwood Investment Advisory LLC",1,50,50,1,1,2021,2021
"Liquidity Capital MC Ltd",3,50,16.6666666666667,2,1,2022,2024
"Quantum Fund Ltd",1,50,50,1,1,2007,2007
"Altara Ventures Pte Ltd",2,49,24.5,1,1,2021,2022
"Avenue Capital Group LLC",5,49,9.8,4,3,2006,2022
"Insight Venture Management LLC",4,49,12.25,3,2,2021,2022
"Ip Venture Advisors Pvt Ltd",10,49,4.9,5,3,2017,2024
"Olympus Capital Holdings Asia Hong Kong Ltd",7,49,7,5,3,2006,2021
"Quona Capital Management Ltd",11,49,4.45454545454545,5,2,2017,2024
"D1 Capital Partners LP",2,48,24,1,1,2022,2023
"Peepul Capital Llc",13,48,3.69230769230769,13,5,2007,2016
"Capitalg Management Co LLC",6,47,7.83333333333333,3,3,2015,2020
"Macquarie Investment Management Ltd",3,47,15.6666666666667,3,2,2011,2012
"Paradigm Operations LP",2,47,23.5,1,1,2021,2021
"Malabar Investment Advisors Pvt Ltd",7,46,6.57142857142857,5,3,2021,2022
"NGP Capital LLC",10,46,5.75,7,3,2009,2024
"Scottish American Investment Company P L C",1,46,46,1,1,2015,2015
"Softbank Capital Partners LP",1,46,46,1,1,2015,2015
"Zephyr Management L.P",16,46,2.875,15,7,2007,2024
"Abstract Ventures SPV LLC",1,45,45,1,1,2022,2022
"Propel Venture Partners LLC",2,45,22.5,1,1,2021,2021
"Tree Line Capital Partners LLC",1,45,45,1,1,2021,2021
"Caspian Advisors Pvt Ltd",17,44,2.58823529411765,15,6,2010,2024
"Mubadala Investment Company PJSC",2,44,22,2,2,2024,2024
"Shell Ventures LLC",6,44,7.33333333333333,5,3,2019,2024
"AH Capital Management LLC",1,43,43,1,1,2021,2021
"Creaegis Advisors Llp",3,43,14.3333333333333,3,2,2023,2024
"Global Technology Investment",5,43,8.6,4,4,2007,2018
"Markab Capital",2,43,21.5,2,2,2019,2022
"White Oak Capital Management Consultants LLP",12,43,3.58333333333333,12,7,2021,2024
"Endiya Partners",13,42,3.23076923076923,10,3,2017,2024
"Foundation Capital LLC",10,42,4.2,6,5,2010,2015
"Intact Ventures Inc",1,42,42,1,1,2022,2022
"Munich Re Ventures Llc",1,42,42,1,1,2022,2022
"Stride Ventures",32,42,1.3125,29,6,2020,2023
"TR Advisors Ltd",8,42,5.25,7,4,2015,2023
"UK Sistema - venchurnyi kapital OOO",7,42,6,5,4,2017,2021
"021 Capital Advisors LLP",7,41,5.85714285714286,5,2,2020,2023
"Abu Dhabi Investment Office",1,41,41,1,1,2020,2020
"BlueOrchard Finance AG",19,41,2.15789473684211,11,3,2009,2024
"Omnivore Capital Management Advisors Private Ltd",23,41,1.78260869565217,17,4,2015,2024
"Ventureast",24,41,1.70833333333333,18,4,2008,2023
"Evolutionx Debt Capital",4,40,10,4,3,2022,2024
"GS Capital LP",1,40,40,1,1,2012,2012
"Ingka Investments BV",2,40,20,1,1,2020,2022
"Octahedron Capital Management LP",1,40,40,1,1,2020,2020
"Trinity Capital PLC",5,40,8,5,4,2006,2007
"Unilazer Ventures Pvt Ltd",11,40,3.63636363636364,10,6,2012,2021
"Venturi Partners Pte Ltd",2,40,20,1,1,2020,2022
"Banyantree Finance Pvt Ltd",12,39,3.25,10,5,2009,2024
"General Electric Pension Trust",1,39,39,1,1,2018,2018
"Ipv Advisors Pvt Ltd",70,39,0.557142857142857,61,7,2020,2024
"Tiger Management Corp",2,39,19.5,2,2,2007,2016
"Infoedge Capital Pvt Ltd",24,38,1.58333333333333,17,4,2018,2024
"Landmark Holdings Pvt Ltd",2,38,19,2,1,2007,2008
"SVB Capital",12,38,3.16666666666667,9,5,2008,2015
"Vitruvian Partners LLP",6,38,6.33333333333333,3,2,2021,2023
"Accion International",15,37,2.46666666666667,13,2,2012,2024
"Kae Capital",15,37,2.46666666666667,12,6,2016,2022
"Maverick Capital Ltd",5,37,7.4,4,3,2015,2024
"Somerset Indus Capital Partners",12,37,3.08333333333333,8,2,2012,2024
"Stellaris Venture Partners",12,37,3.08333333333333,10,3,2020,2024
"Baron Capital Group Inc",1,36,36,1,1,2021,2021
"Bharti Airtel Ltd",3,36,12,3,2,2016,2021
"Darby Asia Investors Ltd.",4,36,9,4,4,2005,2008
"Khosla Ventures LLC",6,36,6,5,4,2021,2024
"Sealink Capital Partners",3,36,12,3,1,2016,2021
"The Public Sector Pension Investment Board",1,36,36,1,1,2019,2019
"Xponentia Capital Partners LLP",5,36,7.2,4,3,2021,2024
"Bp Ventures",5,35,7,3,1,2023,2024
"Capital Group,The",1,35,35,1,1,2020,2020
"General Enterprise Management Services HK Ltd",1,35,35,1,1,2005,2005
"Draper Fisher Jurvetson Eplanet Ventures LP",9,34,3.77777777777778,7,6,2007,2012
"LetsVenture Technologies Pvt Ltd",69,34,0.492753623188406,60,6,2016,2024
"Unilever Ventures Ltd",6,34,5.66666666666667,5,2,2017,2024
"Unitus Ventures Advisors Llp",27,34,1.25925925925926,17,6,2013,2024
"Vulcan Capital Group LLC",5,34,6.8,3,1,2013,2022
"Alpine Investors LP",1,33,33,1,1,2022,2022
"Dig Ventures",1,33,33,1,1,2022,2022
"Draper Fisher Jurvetson International Inc",13,33,2.53846153846154,9,3,2007,2021
"Griffin Gaming Partners LP",1,33,33,1,1,2021,2021
"Massmutual Ventures LLC",8,33,4.125,5,3,2020,2023
"Nabventures Ltd",13,33,2.53846153846154,10,4,2021,2024
"Sig Asia Investments LLP",4,33,8.25,4,3,2020,2022
"Walden International",4,33,8.25,2,2,2010,2015
"Indian Angel Network Services Pvt Ltd",69,32,0.463768115942029,56,8,2009,2024
"Paracor Capital Advisors Pvt Ltd",2,32,16,2,2,2011,2012
"Polychain Capital LLC",2,32,16,1,1,2021,2022
"Alberta Investment Management Corp",1,31,31,1,1,2021,2021
"Amazon.Com Inc",11,31,2.81818181818182,10,6,2020,2024
"Bertelsmann Digital Media Investments",2,31,15.5,2,2,2013,2015
"Elevar Equity LLC",7,31,4.42857142857143,5,4,2021,2024
"Incofin Investment Management Cva",9,31,3.44444444444444,8,4,2021,2024
"Oikocredit Ecumenical Development Cooperative Society UA",9,31,3.44444444444444,5,2,2010,2024
"Oxley Capital Group Ltd",1,31,31,1,1,2012,2012
"Carlyle Aviation Group LLC",2,30,15,2,1,2023,2023
"Duro Ventures A1 LP",1,30,30,1,1,2021,2021
"IBOF Investment Management Pvt Ltd",5,30,6,4,4,2009,2013
"Li & Fung Investments",1,30,30,1,1,2009,2009
"Nuveen LLC",1,30,30,1,1,2021,2021
"Pantomath Capital Advisors Private Ltd",6,30,5,6,5,2022,2024
"Schroders Capital Management Switzerland AG",4,30,7.5,3,3,2016,2021
"Winter Capital Partners",4,30,7.5,2,1,2021,2022
"F-Prime Inc",8,29,3.625,8,3,2012,2023
"Flourish Ventures Ltd",14,29,2.07142857142857,8,2,2019,2024
"Mahindra Partners",1,29,29,1,1,2019,2019
"Sabre Partners India Advisors Pvt Ltd",7,29,4.14285714285714,6,4,2011,2022
"Stic Investment Inc",4,29,7.25,2,2,2019,2024
"Surge Ahead",18,29,1.61111111111111,12,4,2019,2024
"Blue River Capital",6,28,4.66666666666667,5,3,2006,2008
"Borromin Capital Management GmbH",1,28,28,1,1,2021,2021
"Centre For Innovation Incubation & entrepreneurship",21,28,1.33333333333333,14,6,2013,2024
"Gunosy Capital Pte Ltd",4,28,7,1,1,2019,2021
"Iconiq Capital LLC",1,28,28,1,1,2021,2021
"Kora Management LP",1,28,28,1,1,2022,2022
"Mumbai Angels Network Pvt Ltd",63,28,0.444444444444444,53,8,2009,2024
"Navis Management Sdn Bhd",11,28,2.54545454545455,8,5,2005,2021
"Rebright Partners Inc",15,28,1.86666666666667,8,4,2019,2024
"Add Ventures International Capital Co Ltd",2,27,13.5,1,1,2021,2021
"Elevation Capital Pty Ltd",4,27,6.75,3,2,2022,2024
"Vertex Ventures Us Fund I LP",6,27,4.5,5,2,2017,2023
"Wolfensohn & Company LLC",6,27,4.5,5,1,2012,2024
"Celesta Global Capital Managers LLC",5,26,5.2,5,3,2021,2023
"EDB Investments Pte Ltd",2,26,13,2,2,2020,2024
"JSW Ventures Fund Managers LLP",13,26,2,9,2,2016,2024
"Lc Nueva Investment Partners LLP",12,26,2.16666666666667,10,5,2022,2024
"March Capital Partners GP LLC",3,26,8.66666666666667,2,2,2016,2022
"Old Lane LP",1,26,26,1,1,2007,2007
"Oman Investment Corp SAOC",1,26,26,1,1,2009,2009
"Waterbridge Ventures II Trust",11,26,2.36363636363636,8,3,2019,2024
"Wellington Partners GmbH",2,26,13,1,1,2019,2021
"Citadel Capital Management",2,25,12.5,1,1,2007,2007
"Elephant Capital PLC",5,25,5,3,3,2007,2011
"Google Ventures",3,25,8.33333333333333,3,1,2018,2022
"Impact India Investment Partners LLC",4,25,6.25,4,3,2021,2024
"Indiaco Ventures Ltd",2,25,12.5,2,2,2007,2010
"PreIPO Capital Partners Ltd",1,25,25,1,1,2023,2023
"Alpine Capital",1,24,24,1,1,2021,2021
"Beyond Capital Fund",1,24,24,1,1,2021,2021
"LGT European Capital Ltd",1,24,24,1,1,2019,2019
"Salesforce Ventures LLC",3,24,8,2,1,2021,2022
"Wayzata Investment Partners LLC",2,24,12,2,2,2011,2013
"Anicut Capital LLP",38,23,0.605263157894737,30,7,2020,2024
"Ask Pravi Capital Advisors Pvt Ltd",6,23,3.83333333333333,5,5,2013,2016
"FW Asset Management Ltd",1,23,23,1,1,2014,2014
"Sun Apollo India Real Estate",2,23,11.5,2,2,2011,2012
"YourNest Capital Advisors Pvt Ltd",20,23,1.15,12,4,2012,2024
"Axilor Ventures Pvt Ltd",18,22,1.22222222222222,16,6,2015,2024
"Bodhi Tree",5,22,4.4,3,2,2022,2023
"JP Morgan Investment Management Inc",2,22,11,1,1,2011,2017
"Sage Capital LLC",2,22,11,2,2,2007,2010
"Sbi Investment Co Ltd",3,22,7.33333333333333,3,1,2021,2023
"Sony Innovation Fund",5,22,4.4,5,4,2020,2023
"South Park Commons LLC",7,22,3.14285714285714,2,2,2021,2022
"Varanium Capital Advisors Pvt Ltd",7,22,3.14285714285714,5,2,2021,2023
"Westbridge Ventures LLC",4,22,5.5,3,2,2006,2015
"Arena Holdings Management LLC",1,21,21,1,1,2021,2021
"BTS Investment Advisors Pvt Ltd",5,21,4.2,5,2,2006,2009
"Dharana Capital Ltd",2,21,10.5,2,1,2022,2023
"Dream Incubator Inc",9,21,2.33333333333333,9,4,2018,2022
"Rabo India Finance Ltd",4,21,5.25,4,2,2009,2011
"AIG Capital Partners Inc",1,20,20,1,1,2008,2008
"Anfa Ventures Ltd",1,20,20,1,1,2021,2021
"Filter Capital India Advisors LLP",3,20,6.66666666666667,3,3,2021,2023
"Footpath Ventures GP LLC",1,20,20,1,1,2023,2023
"JAFCO Investment (Asia Pacific) Ltd",8,20,2.5,8,3,2006,2020
"Ln Mittal",2,20,10,2,2,2006,2008
"Omidyar Technology Ventures LLC",2,20,10,1,1,2019,2020
"RTP Global Advisors OOO",4,20,5,3,1,2020,2021
"Samsung Venture Investment Corp",7,20,2.85714285714286,6,1,2019,2022
"Valor Equity Partners LP",1,20,20,1,1,2022,2022
"Future Consumer Ltd",7,19,2.71428571428571,7,3,2011,2015
"Globon Co Ltd",1,19,19,1,1,2021,2021
"Helix Investments Co",7,19,2.71428571428571,7,3,2007,2022
"Kubera Partners LLC",8,19,2.375,8,5,2007,2008
"LGT Venture Philanthropy Foundation Switzerland",3,19,6.33333333333333,3,2,2015,2018
"Light Street Capital Management LLC",1,19,19,1,1,2019,2019
"New Ventures LLC",3,19,6.33333333333333,1,1,2020,2022
"Sierra Ventures",5,19,3.8,3,3,2006,2022
"Walton Street Capital LLC",3,19,6.33333333333333,3,3,2007,2021
"3L Capital Management LLC",2,18,9,1,1,2019,2022
"3Lines LLC",4,18,4.5,2,2,2022,2024
"Alkemi Growth Capital LLP",6,18,3,5,3,2019,2023
"Block.One",1,18,18,1,1,2021,2021
"Gmo Venturepartners Co Ltd",4,18,4.5,4,3,2019,2024
"Jump Capital LLC",1,18,18,1,1,2021,2021
"Lightstone Ventures LP",1,18,18,1,1,2020,2020
"Avaana Capital Advisors LLP",12,17,1.41666666666667,6,4,2020,2024
"Catamaran Ventures",6,17,2.83333333333333,4,3,2011,2023
"Clearstone Venture Management Services LLC",5,17,3.4,4,2,2006,2011
"Frontline Strategy Ltd",8,17,2.125,7,5,2008,2022
"JSCapital",1,17,17,1,1,2022,2022
"T. Rowe Price Threshold Partnerships",3,17,5.66666666666667,3,2,2007,2010
"Acacia Venture Partners L.P",1,16,16,1,1,2008,2008
"Ananta Capital",6,16,2.66666666666667,5,5,2021,2024
"Argonaut Partners LLC",5,16,3.2,4,3,2007,2012
"Exfinity Venture Partners LLP",9,16,1.77777777777778,8,4,2014,2024
"Global Investment House KSCC",5,16,3.2,5,2,2006,2011
"Growth Catalyst Partners LLC",2,16,8,2,1,2021,2021
"IFCI Venture Capital Funds Ltd",6,16,2.66666666666667,6,5,2008,2011
"Kb Investment Co Ltd",2,16,8,2,2,2020,2020
"Korea Investment Partners Co Ltd",2,16,8,2,1,2020,2020
"Morningside Technologies Inc",2,16,8,2,1,2018,2019
"Oak Investment Partners LLC",6,16,2.66666666666667,2,1,2009,2014
"Pavestone VC",3,16,5.33333333333333,3,2,2022,2024
"RPS Ventures LLC",1,16,16,1,1,2019,2019
"Shinhan Venture Investment Co Ltd",5,16,3.2,5,4,2018,2024
"Singularity Ventures Pvt Ltd",7,16,2.28571428571429,6,4,2017,2024
"CCMP Capital Advisors LP",1,15,15,1,1,2010,2010
"Capricorn Investment Group LLC",2,15,7.5,2,2,2015,2015
"Empire Angels",3,15,5,1,1,2014,2018
"Eneos Innovation Partners Llc",1,15,15,1,1,2024,2024
"GFC Global Founders Capital GmbH",4,15,3.75,4,2,2015,2024
"Gsv Acceleration LLC",2,15,7.5,2,2,2021,2023
"Hsbc Global Asset Management UK Ltd",1,15,15,1,1,2021,2021
"Lightsmith Group",1,15,15,1,1,2022,2022
"Merrill Lynch Venture Capital Inc",4,15,3.75,4,3,2006,2007
"Mitsui Sumitomo Insurance Venture Capital Co Ltd",6,15,2.5,4,3,2018,2021
"Redwood Venture Partners LLC",1,15,15,1,1,2022,2022
"Sauce Venture Capital",11,15,1.36363636363636,7,2,2021,2024
"Seedfund",15,15,1,10,5,2006,2017
"Shinsei Bank Ltd",1,15,15,1,1,2008,2008
"Vaalon Capital No 1 GP",1,15,15,1,1,2019,2019
"Amicus Capital Holdings LLC",3,14,4.66666666666667,3,3,2019,2022
"Amplus Capital Advisors Pvt Ltd",3,14,4.66666666666667,3,2,2012,2014
"Aquiline Capital Partners LLC",1,14,14,1,1,2020,2020
"Ash Park Capital LLP",1,14,14,1,1,2022,2022
"Baillie Gifford & Co Ltd",2,14,7,2,1,2021,2024
"Better Capital Management LLC",18,14,0.777777777777778,14,3,2020,2023
"Cadenza Capital Management LP",1,14,14,1,1,2022,2022
"Crescent Enterprises",5,14,2.8,3,2,2019,2023
"DragonVenture, Inc.",1,14,14,1,1,2022,2022
"HBM Partners AG",3,14,4.66666666666667,2,2,2019,2024
"Kindred Ventures LLC",1,14,14,1,1,2022,2022
"Mitsubishi UFJ Capital Co Ltd",4,14,3.5,2,2,2023,2024
"Nirvana Venture Advisors Pvt Ltd",4,14,3.5,4,1,2012,2016
"Pantera Capital Management LP",1,14,14,1,1,2022,2022
"Riverwalk Holdings",6,14,2.33333333333333,5,2,2022,2024
"Shanghai Trustbridge Partners Investment Management Co. Ltd",1,14,14,1,1,2019,2019
"Sharrp Ventures",10,14,1.4,8,4,2021,2024
"Trident Capital Inc",4,14,3.5,3,2,2006,2008
"Unicorn India Ventures Advisors LLP",23,14,0.608695652173913,19,6,2017,2024
"VEF Ltd",2,14,7,2,2,2021,2021
"Aavishkaar Goodwell India Microfinance Development Co Ltd",9,13,1.44444444444444,6,2,2009,2015
"Beyond Next Ventures Inc",6,13,2.16666666666667,5,4,2020,2023
"Capital18",4,13,3.25,3,2,2007,2013
"Flipkart Ventures",5,13,2.6,5,3,2022,2024
"GTI Capital",1,13,13,1,1,2013,2013
"GVFL Ltd",15,13,0.866666666666667,12,4,2007,2024
"Guild Capital LLC",6,13,2.16666666666667,5,3,2019,2022
"HDFC Venture Capital Ltd",9,13,1.44444444444444,7,6,2006,2022
"Infinity Ventures Crypto",2,13,6.5,1,1,2023,2024
"Ivy League Ventures Pvt Ltd",1,13,13,1,1,2024,2024
"Man Capital Llp",3,13,4.33333333333333,1,1,2019,2021
"Nine Rivers Capital Management Ltd",3,13,4.33333333333333,3,1,2009,2010
"Nomura Capital Partners KK",2,13,6.5,1,1,2021,2021
"Nucleus Aar Advisors Llp",9,13,1.44444444444444,9,6,2022,2024
"Pi Ventures LLP",8,13,1.625,5,4,2019,2023
"Pravega Ventures",9,13,1.44444444444444,6,3,2020,2024
"Spark Growth Ventures",3,13,4.33333333333333,1,1,2022,2024
"W Health Ventures Corp",8,13,1.625,3,3,2021,2024
"Addition Ventures LLC",1,12,12,1,1,2020,2020
"Arb Investments Pte Ltd",7,12,1.71428571428571,7,4,2017,2020
"Artiman Management LLC",4,12,3,3,2,2011,2016
"Axon Partners Group Investment SGEIC",4,12,3,3,2,2013,2015
"BAce Capital",2,12,6,2,1,2019,2021
"Calega Resources Investment LLC",6,12,2,4,2,2018,2021
"Ebay Ventures",3,12,4,1,1,2010,2012
"Eurazeo SE",3,12,4,2,2,2023,2024
"Green Frontier Capital",6,12,2,4,3,2022,2024
"Gruhas Proptech LLP",14,12,0.857142857142857,14,6,2022,2024
"IDG Ventures USA",1,12,12,1,1,2016,2016
"Igeo SPRL",4,12,3,2,2,2018,2023
"Nepean Capital Partners Pty Ltd",1,12,12,1,1,2022,2022
"Portman Holdings LLC",1,12,12,1,1,2012,2012
"Rajasthan Asset Management Co Pvt Ltd",8,12,1.5,8,5,2009,2021
"Signet Healthcare Partners",2,12,6,2,1,2005,2022
"Silverneedle Ventures",5,12,2.4,5,3,2022,2024
"Sixteenth Street Capital Pte Ltd",1,12,12,1,1,2022,2022
"Speciale Incept Advisors LLP",9,12,1.33333333333333,6,3,2021,2024
"Tomales Bay Capital LP",1,12,12,1,1,2022,2022
"Vertex Ventures HC",2,12,6,2,2,2022,2022
"Westcap Group LLC",1,12,12,1,1,2022,2022
"Z3 Partners LLC",3,12,4,3,1,2021,2024
"Artha India Ventures",14,11,0.785714285714286,12,4,2019,2024
"Blacksoil Capital Pvt Ltd",39,11,0.282051282051282,37,6,2020,2022
"Climate Change Capital Ltd",1,11,11,1,1,2009,2009
"HealthXCapital LP",3,11,3.66666666666667,2,1,2022,2024
"Ibdar Capital Closed BSC",1,11,11,1,1,2009,2009
"Invascent",1,11,11,1,1,2023,2023
"Manipal Education and Medical Group India Pvt Ltd",2,11,5.5,2,2,2018,2019
"SIG Asia Venture Capital",5,11,2.2,5,3,2023,2024
"TVG Capital Partners Ltd",1,11,11,1,1,2007,2007
"Titan Capital Services Pvt Ltd",16,11,0.6875,13,5,2020,2024
"Tomorrow Capital Pvt Ltd",3,11,3.66666666666667,3,3,2019,2024
"WEH Ventures",9,11,1.22222222222222,6,3,2018,2024
"ASCENT VENTURE MANAGEMENT INC",1,10,10,1,1,2021,2021
"Ares SSG Capital Management Hong Kong Ltd",4,10,2.5,4,3,2014,2021
"Asia Pacific Healthcare Advisors Pvt Ltd",3,10,3.33333333333333,2,1,2013,2015
"Barclays Capital Inc",2,10,5,2,2,2007,2007
"Croupier Prive Private Equity Partners LLC",2,10,5,2,1,2007,2008
"Eagle Proprietary Investments Limited",2,10,5,1,1,2021,2022
"Ets Strategic Capital",3,10,3.33333333333333,2,1,2021,2023
"Finsight LLC",3,10,3.33333333333333,3,1,2020,2024
"Forum Synergies India Pe Fund Managers Pvt Ltd",3,10,3.33333333333333,3,2,2013,2014
"Founders Fund LLC",3,10,3.33333333333333,2,2,2016,2024
"Future Fund",1,10,10,1,1,2015,2015
"HVL Ventures Ltd",2,10,5,1,1,2015,2017
"Helix Investments Ltd",2,10,5,2,2,2007,2009
"IA Ventures",1,10,10,1,1,2021,2021
"India Alternatives Investment Advisors Pvt Ltd",3,10,3.33333333333333,3,3,2019,2023
"Kharis Capital Advisory Belgium Srl",1,10,10,1,1,2020,2020
"Kingdon Capital Management LLC",1,10,10,1,1,2006,2006
"Leo Capital India Advisors LLP",6,10,1.66666666666667,5,1,2018,2022
"M-12 LP",1,10,10,1,1,2020,2020
"MCap Fund Advisors Pvt Ltd",1,10,10,1,1,2012,2012
"Manta Ray Ventures LLC",2,10,5,1,1,2019,2020
"Meteor Venture",4,10,2.5,3,3,2021,2023
"OBRATORI L'OCCITANE INNOVATION Lab SAS",1,10,10,1,1,2021,2021
"One Equity Partners LLC",2,10,5,2,1,2007,2007
"Pegasus India Evolving Opportunities Fund",5,10,2,4,2,2020,2024
"Pragnya Advisors Pvt Ltd",3,10,3.33333333333333,3,1,2011,2013
"Rainmatter Capital Pvt Ltd",16,10,0.625,14,8,2022,2024
"Rocketship.vc LLC",5,10,2,2,2,2021,2023
"SOSV Investments LLC",26,10,0.384615384615385,16,4,2020,2024
"Sapphire Ventures LLC",2,10,5,1,1,2009,2010
"Shanghai Fosun Venture Capital Management Co Ltd",4,10,2.5,2,1,2020,2021
"Siana Capital Management LLP",6,10,1.66666666666667,5,2,2020,2024
"Signal Peak Ventures",1,10,10,1,1,2022,2022
"Siguler Guff & Co LP",2,10,5,2,2,2010,2012
"Social+Capital Partnership LP",4,10,2.5,3,1,2015,2019
"Spice Private Equity AG",1,10,10,1,1,2015,2015
"Squadron Capital Management Ltd",1,10,10,1,1,2011,2011
"The Raine Group LLC",2,10,5,1,1,2021,2021
"Trifecta Capital Partners LP",11,10,0.909090909090909,11,3,2019,2024
"Valar Ventures Management LLC",1,10,10,1,1,2021,2021
"Whiteboard Capital Advisors Llp",13,10,0.769230769230769,12,5,2019,2024
"Alcazar Capital Ltd",1,9,9,1,1,2008,2008
"Belgian Invest NV",2,9,4.5,1,1,2015,2016
"Canbank Venture Capital Fund Ltd",7,9,1.28571428571429,7,4,2007,2024
"Exhilway Global",1,9,9,1,1,2014,2014
"Footprint Ventures Consultancy Pvt Ltd",7,9,1.28571428571429,5,4,2007,2013
"Growx Venture Management LLP",8,9,1.125,6,3,2014,2023
"IDH Farmfit Fund BV",2,9,4.5,1,1,2023,2024
"JG Digital Equity Ventures Inc",1,9,9,1,1,2022,2022
"Ktb Investment & Securities Co Ltd",3,9,3,1,1,2020,2021
"NB Ventures Ltd",9,9,1,8,6,2018,2024
"RA Capital Management LP",1,9,9,1,1,2016,2016
"Reliance Venture Asset Management Ltd",5,9,1.8,5,4,2010,2012
"SCB 10X Co Ltd",1,9,9,1,1,2022,2022
"SIG Capital Partners Ltd",1,9,9,1,1,2021,2021
"Sanlam Private Equity",2,9,4.5,1,1,2008,2011
"Schroders PLC",1,9,9,1,1,2022,2022
"Stakeboat Capital LLP",2,9,4.5,2,2,2019,2023
"Symphony Asia Holdings Pte. Ltd",5,9,1.8,4,4,2020,2023
"Unitus Impact Partners LLC",4,9,2.25,4,3,2016,2021
"Akatsuki Entertainment Technology Fund",8,8,1,7,2,2018,2021
"Amaya Ventures Pte Ltd",1,8,8,1,1,2023,2023
"American Express Ltd",2,8,4,2,2,2015,2018
"Archerman Capital Management LLC",1,8,8,1,1,2024,2024
"Carpediem Advisors Pvt Ltd",2,8,4,2,2,2017,2024
"Catalytic Impact Foundation Inc",1,8,8,1,1,2021,2021
"D E Shaw & Co LP",5,8,1.6,5,3,2006,2008
"Ecosystem Integrity Management LLC",1,8,8,1,1,2024,2024
"FJ Labs Inc",5,8,1.6,5,3,2017,2024
"FortyTwoVC LP",1,8,8,1,1,2022,2022
"Founder Collective LP",1,8,8,1,1,2023,2023
"Fulcrum Venture India LLP",4,8,2,4,3,2005,2017
"India SME Investments LLP",4,8,2,4,3,2021,2024
"India Venture Partners",5,8,1.6,5,3,2010,2014
"Inflexor Ventures LLP",7,8,1.14285714285714,6,3,2020,2024
"Iti Growth Opportunities LLP",7,8,1.14285714285714,7,4,2019,2024
"Juvo Ventures LLC",2,8,4,1,1,2021,2022
"Mela Ventures",8,8,1,7,3,2020,2024
"Nissho Iwai Corp",1,8,8,1,1,2023,2023
"Paragon Partners GmbH",1,8,8,1,1,2021,2021
"Paramark Ventures",2,8,4,2,2,2022,2024
"Roots Ventures LLP",11,8,0.727272727272727,8,4,2019,2024
"Sofinim NV",2,8,4,1,1,2019,2021
"Tishman Speyer",1,8,8,1,1,2024,2024
"Tribe Capital Partners LLC",2,8,4,2,2,2021,2021
"Wipro Ventures Ltd",1,8,8,1,1,2021,2021
"Zeva Capsol Pvt Ltd",15,8,0.533333333333333,11,5,2019,2024
"ARG Private Equity LLC",2,7,3.5,2,1,2010,2013
"Acumen Fund Inc",11,7,0.636363636363636,11,8,2006,2022
"Aditya Birla Ventures",2,7,3.5,2,1,2023,2024
"Alkeon Capital Management LLC",1,7,7,1,1,2024,2024
"Delta Partners FZ LLC",1,7,7,1,1,2016,2016
"Eight Partners VC LLC",2,7,3.5,1,1,2024,2024
"Elev8 Venture Partners",1,7,7,1,1,2024,2024
"Globespan Capital Partners",2,7,3.5,1,1,2010,2011
"IMJ Investment Partners Corp",6,7,1.16666666666667,4,1,2019,2022
"Left Lane Capital LLC",1,7,7,1,1,2024,2024
"Mangrove Capital Partners SA",3,7,2.33333333333333,3,2,2011,2015
"Maniv Mobility Management Ltd",2,7,3.5,1,1,2024,2024
"Naya Ventures LLC",3,7,2.33333333333333,3,1,2012,2024
"Ojas Ventures Partners",6,7,1.16666666666667,5,2,2008,2013
"Piper Serica Angel Fund",8,7,0.875,8,4,2023,2024
"Rabo Participaties BV",1,7,7,1,1,2010,2010
"Reinventure Group Pty Ltd",2,7,3.5,1,1,2019,2019
"Rukam Capital",8,7,0.875,7,2,2020,2024
"Survam Partners LLP",5,7,1.4,3,2,2021,2024
"Tenacity Venture Capital Fund I LP",1,7,7,1,1,2022,2022
"Trilantic Capital Management LP",5,7,1.4,5,4,2007,2008
"Triodos International Fund Management BV",3,7,2.33333333333333,3,1,2017,2022
"Velocity",1,7,7,1,1,2007,2007
"Westbridge Capital Llp",1,7,7,1,1,2021,2021
"Western Technology Investment",1,7,7,1,1,2012,2012
"Womens World Banking Capital Partners, LP",1,7,7,1,1,2022,2022
"Work Capital",1,7,7,1,1,2021,2021
"Yamaha Corp",1,7,7,1,1,2021,2021
"Amicus India Capital Partners LLP",4,6,1.5,4,4,2021,2022
"Asha Ventures",3,6,2,2,2,2020,2024
"Bluehill Capital Pvt Ltd",2,6,3,2,2,2022,2023
"Charles River Ventures Inc",2,6,3,1,1,2010,2011
"Cisco Systems Inc (Pre-Merger)",3,6,2,3,2,2007,2015
"Citigroup Private Equity LP",3,6,2,3,2,2007,2007
"Dream Sports Investments",3,6,2,2,1,2021,2022
"EV Charging USA Inc",1,6,6,1,1,2007,2007
"Fidelity Ventures Inc",2,6,3,2,1,2007,2007
"Founderbank Capital Singapore Pte Ltd",2,6,3,1,1,2022,2022
"Franklin Templeton Services Inc",1,6,6,1,1,2012,2012
"Inflection Point Ventures",13,6,0.461538461538462,12,5,2020,2024
"Insitor Partners Pte. Ltd",2,6,3,2,1,2022,2023
"Integrated Capital",2,6,3,2,2,2021,2022
"Jafco Group Co Ltd",1,6,6,1,1,2015,2015
"Lb Investment Inc",1,6,6,1,1,2021,2021
"Lupa Systems LLC",1,6,6,1,1,2021,2021
"Montagu Private Equity LLP",1,6,6,1,1,2007,2007
"Nadathur Estates Pvt Ltd",4,6,1.5,3,3,2012,2022
"Nuventures Capital Pvt Ltd",1,6,6,1,1,2021,2021
"Petroliam Nasional Bhd",2,6,3,1,1,2021,2023
"PineBridge Investments LLC",1,6,6,1,1,2005,2005
"Pinnacle Capital",1,6,6,1,1,2014,2014
"Pragati India Fund Pvt Ltd",2,6,3,2,2,2012,2014
"RPSG Ventures Advisory LLP",4,6,1.5,3,3,2019,2022
"SBI Capital Ventures",5,6,1.2,5,3,2007,2024
"Small Enterprise Assistance Funds",3,6,2,3,2,2011,2014
"Union Square Ventures LLC",2,6,3,1,1,2021,2023
"500 Startups Management Co LLC",9,5,0.555555555555556,9,4,2012,2021
"8I Capital Pte Ltd",1,5,5,1,1,2021,2021
"ACPI Investments Ltd",2,5,2.5,1,1,2018,2021
"Aflac Global Ventures LLC",2,5,2.5,2,2,2020,2022
"Ankur Capital Advisors",8,5,0.625,8,6,2017,2024
"Aquarius Investment Advisors Pte Ltd",2,5,2.5,2,2,2008,2011
"Arbor Investments Management LLC",1,5,5,1,1,2024,2024
"Aroa Ventures",3,5,1.66666666666667,3,2,2021,2022
"Berggruen Holdings Ltd",3,5,1.66666666666667,2,2,2009,2015
"Bluerun Ventures LP",2,5,2.5,1,1,2005,2008
"Cactus Venture Partners LLP",3,5,1.66666666666667,3,3,2021,2023
"Cornerstone Venture Partners LLP",3,5,1.66666666666667,3,2,2019,2023
"E& Capital",1,5,5,1,1,2023,2023
"FIL Investment Management Ltd",1,5,5,1,1,2023,2023
"First Sentier Investors Australia Services Pty Ltd",1,5,5,1,1,2023,2023
"Gem India Advisors",4,5,1.25,3,2,2005,2008
"Global Innovation Fund",1,5,5,1,1,2017,2017
"HSBC Private Equity Management (Mauritius), Ltd.",1,5,5,1,1,2009,2009
"Heritas Capital Management Pte Ltd",1,5,5,1,1,2021,2021
"Honeywell Venture Capital LLC",1,5,5,1,1,2020,2020
"Lumis Partners",7,5,0.714285714285714,6,3,2009,2023
"Micelio Mobility Pvt Ltd",6,5,0.833333333333333,4,3,2020,2024
"Negen Tech Opportunities Angel Fund",2,5,2.5,2,2,2023,2024
"New Path Ventures LLC",2,5,2.5,1,1,2005,2008
"Nippon Investment & Finance Co Ltd",3,5,1.66666666666667,3,2,2012,2013
"Panthera Peak Capital Ventures",2,5,2.5,2,1,2022,2024
"Prime Venture Partners (Dubai)",2,5,2.5,2,2,2021,2024
"Queensland Biocapital Funds Pty Ltd",1,5,5,1,1,2021,2021
"Rethink Capital Partners",1,5,5,1,1,2022,2022
"SBI Ven Capital Pte Ltd",1,5,5,1,1,2021,2021
"Sherpalo Ventures",4,5,1.25,4,3,2006,2022
"US International Development Finance Corp",6,5,0.833333333333333,6,4,2021,2024
"White Venture Capital",3,5,1.66666666666667,2,2,2022,2023
"100x Entrepreneur Pvt Ltd",1,4,4,1,1,2023,2023
"AT Capital Pte Ltd",4,4,1,4,3,2014,2023
"AdvantEdge Founders",5,4,0.8,4,4,2018,2024
"Agnus Capital LLP",1,4,4,1,1,2015,2015
"Alto Partners Pte Ltd",1,4,4,1,1,2021,2021
"Anthill Ventures Pte Ltd",10,4,0.4,9,4,2017,2024
"Arali Ventures LLP",1,4,4,1,1,2022,2022
"Ardent Venture Partners LLC",1,4,4,1,1,2022,2022
"Artek",1,4,4,1,1,2024,2024
"Aureolis Ventures",3,4,1.33333333333333,3,3,2022,2023
"Aureos Capital, Ltd.",1,4,4,1,1,2006,2006
"Bank Lombard Odier & Co Ltd",1,4,4,1,1,2023,2023
"Blue Ashva Capital Pte Ltd",4,4,1,4,3,2021,2024
"Capital 2b",4,4,1,4,3,2023,2024
"Capital 4 Development Partners BV",5,4,0.8,3,2,2021,2023
"Capital-A",6,4,0.666666666666667,5,3,2021,2024
"Centrum Capital Ltd",4,4,1,4,4,2017,2022
"Chennai Angels",29,4,0.137931034482759,22,9,2010,2024
"Cornerstone Venture Partners LLC",2,4,2,2,1,2019,2023
"Cornerstone Ventures LP",1,4,4,1,1,2023,2023
"Dholakia Ventures Pvt Ltd",12,4,0.333333333333333,11,4,2021,2024
"Elysian Park Ventures LLC",1,4,4,1,1,2021,2021
"Ev2 Ventures",2,4,2,1,1,2024,2024
"Fondo Huruma",1,4,4,1,1,2024,2024
"Foundamental Management GmbH",2,4,2,2,2,2020,2022
"Foxhog Ventures Corp",3,4,1.33333333333333,3,3,2023,2024
"Frontier Investment Corp",1,4,4,1,1,2014,2014
"Gemba Capital Investment Advisors LLP",6,4,0.666666666666667,5,1,2019,2023
"Global Brain Corp",1,4,4,1,1,2023,2023
"Goal Venture Partners LLC",2,4,2,1,1,2022,2023
"Good Capital Group",3,4,1.33333333333333,2,1,2020,2022
"Google Assistant Investment Program",4,4,1,2,2,2021,2022
"Granite Hill Capital Partners LLC",2,4,2,1,1,2010,2011
"Greylock Partners LLC",3,4,1.33333333333333,3,2,2007,2021
"Gsr Ventures Management Llc",2,4,2,1,1,2020,2023
"Hashed Inc",2,4,2,1,1,2021,2022
"Heron Rock Fund LP",3,4,1.33333333333333,1,1,2019,2020
"Ideaspring Capital Advisors LLP",7,4,0.571428571428571,7,3,2019,2024
"KK DG Daiwa Ventures",2,4,2,2,2,2019,2022
"Lead International Sports Accelerator Ltd",3,4,1.33333333333333,1,1,2020,2023
"Lowercarbon Capital LLC",3,4,1.33333333333333,1,1,2022,2024
"MSA Novo",1,4,4,1,1,2022,2022
"Madison India Capital Management Co",3,4,1.33333333333333,3,2,2011,2024
"Milestone Capital Partners Ltd",1,4,4,1,1,2010,2010
"Milliways Ventures",2,4,2,2,1,2019,2020
"N Plus One LLC",1,4,4,1,1,2022,2022
"Optum Ventures Global Management Uk Ltd",1,4,4,1,1,2022,2022
"Oxy Capital Sociedade de Capital de Risco SA",1,4,4,1,1,2023,2023
"Paypal Ventures",1,4,4,1,1,2023,2023
"Piva Capital Inc",1,4,4,1,1,2023,2023
"QED Investors LLC",2,4,2,2,1,2022,2024
"Radical Ventures Investments Inc",1,4,4,1,1,2023,2023
"Right Side Capital Management LLC",2,4,2,2,1,2024,2024
"S2G Investments",1,4,4,1,1,2024,2024
"SWC Global",1,4,4,1,1,2023,2023
"Saison Capital Pte Ltd",2,4,2,2,2,2021,2024
"Shorebank Capital Corp",1,4,4,1,1,2016,2016
"Siriusone Capital LLP",2,4,2,2,2,2023,2024
"Sparta Group LLC",1,4,4,1,1,2023,2023
"Transamerica Ventures LLC",1,4,4,1,1,2018,2018
"Twynam Investments Pty Ltd",2,4,2,1,1,2024,2024
"WWG Asset Management Co Ltd",1,4,4,1,1,2023,2023
"We Founder Circle Pvt Ltd",26,4,0.153846153846154,15,6,2021,2024
"Yuj Ventures Pte Ltd",5,4,0.8,4,3,2021,2024
"growX Ventures",1,4,4,1,1,2023,2023
"ACT Clean Technologies Inc",1,3,3,1,1,2022,2022
"AL Advisors Management Inc",5,3,0.6,5,4,2022,2024
"Alumni Ventures Group LLC",2,3,1.5,2,2,2021,2021
"Ambers&Co Capital Microfinanzas",1,3,3,1,1,2012,2012
"Amereus Group Pte Ltd",1,3,3,1,1,2017,2017
"Artha Venture Partners Llp",4,3,0.75,4,3,2022,2023
"Axiomatic Ventures",2,3,1.5,1,1,2021,2022
"B Capital Group",1,3,3,1,1,2019,2019
"Bain Capital Ventures LP",1,3,3,1,1,2019,2019
"Bamboo Capital Partners SA",1,3,3,1,1,2019,2019
"Betatron Ltd",2,3,1.5,2,1,2020,2022
"Better Tomorrow Ventures LLC",1,3,3,1,1,2024,2024
"Bioveda Capital Pte Ltd",1,3,3,1,1,2007,2007
"BlueHill Asset Management Pte Ltd",2,3,1.5,1,1,2018,2021
"C31 Ventures Pte Ltd",1,3,3,1,1,2017,2017
"Capvent AG",2,3,1.5,2,2,2013,2013
"Cargill Ventures LLC",1,3,3,1,1,2006,2006
"Castle Island Ventures",1,3,3,1,1,2020,2020
"Cba Capital Inc",4,3,0.75,4,2,2018,2019
"Cibc Capital Partners",1,3,3,1,1,2007,2007
"Contrarian Capital India Partners Pvt Ltd",1,3,3,1,1,2019,2019
"Daiwa Securities SMBC Principal Investments Co Ltd",1,3,3,1,1,2006,2006
"Delta Corp Holdings Ltd",1,3,3,1,1,2023,2023
"Digital Horizon OOO",1,3,3,1,1,2022,2022
"Duff Ackerman & Goodrich LLC",1,3,3,1,1,2008,2008
"Emphasis Venture",3,3,1,3,2,2020,2022
"Equirus Capital Pvt Ltd",2,3,1.5,2,2,2024,2024
"Finnish Fund For Industrial Cooperation Ltd",2,3,1.5,2,2,2020,2021
"Fresco Capital",1,3,3,1,1,2022,2022
"Goodyear Ventures LLC",1,3,3,1,1,2023,2023
"Greyhound Capital",2,3,1.5,2,1,2019,2024
"Hatch Accelerator Fund Management LLC",2,3,1.5,1,1,2021,2022
"Hive LLC",1,3,3,1,1,2017,2017
"Incubate Fund Co",3,3,1,2,2,2018,2019
"Insitor Impact Asia Fund Pte Ltd",3,3,1,3,2,2019,2022
"Ivy Growth Associates",2,3,1.5,2,1,2022,2023
"JPIN Venture Catalysts Ltd",6,3,0.5,5,3,2021,2022
"Java Capital",4,3,0.75,3,2,2022,2024
"Kaizen Capital Management Pte Ltd",1,3,3,1,1,2022,2022
"Kleiner Perkins Caufield & Byers LLC",6,3,0.5,4,3,2006,2012
"Lasalle Investment Management Inc",1,3,3,1,1,2014,2014
"Lightstone Group LLC",1,3,3,1,1,2019,2019
"LionRock Capital Ltd",3,3,1,3,2,2015,2021
"Marathon Edge Partners",2,3,1.5,2,2,2021,2024
"Mercury Partners Management LLC",1,3,3,1,1,2024,2024
"Microvest Capital Management LLC",3,3,1,3,1,2010,2023
"OMRON VENTURES Co Ltd",1,3,3,1,1,2022,2022
"Orchid Asia Group Management Ltd",1,3,3,1,1,2019,2019
"Pentathlon Ventures Pvt Ltd",7,3,0.428571428571429,7,3,2021,2024
"Pinnacle Investment Management Group Ltd",2,3,1.5,1,1,2022,2023
"Prime Technology Ventures NV",1,3,3,1,1,2024,2024
"Prophetic Ventures",2,3,1.5,2,1,2021,2021
"Qiming Weichuang Venture Capital Mgmt (Shanghai) Co Ltd",1,3,3,1,1,2019,2019
"RPG Ventures Ltd",3,3,1,3,2,2017,2023
"Redstart Labs India Ltd",4,3,0.75,3,3,2023,2024
"Riso Capital LLC",8,3,0.375,7,3,2021,2022
"Roca Group Ventures",1,3,3,1,1,2024,2024
"SEA Funds Management India Pvt Ltd",6,3,0.5,5,3,2020,2024
"Season Two Ventures Management LLC",2,3,1.5,2,1,2021,2023
"Smile Groups Pvt Ltd",4,3,0.75,4,2,2014,2024
"Social Investment Managers and Advisors LLC",2,3,1.5,2,2,2023,2023
"Social Starts LLC",1,3,3,1,1,2022,2022
"Sparx Group Co Ltd",2,3,1.5,2,2,2019,2019
"Springhill Management Sdn Bhd",1,3,3,1,1,2005,2005
"Strive Inc",4,3,0.75,3,1,2018,2021
"Summit Partners LP",1,3,3,1,1,2012,2012
"Syngenta Ventures",1,3,3,1,1,2021,2021
"Translink Capital LLC",1,3,3,1,1,2024,2024
"UTEC Co Ltd",2,3,1.5,2,2,2020,2022
"Viney Equity Market Llp",1,3,3,1,1,2024,2024
"Yali Capital",1,3,3,1,1,2024,2024
"Abb Technology Ventures Ltd",1,2,2,1,1,2018,2018
"Acacia Capital Inc",1,2,2,1,1,2011,2011
"Acumen Capital Finance Partners Ltd",1,2,2,1,1,2007,2007
"Agfunder Inc",2,2,1,2,1,2021,2022
"Alphatron Capital Partners LLC",1,2,2,1,1,2023,2023
"Amasia Inc",1,2,2,1,1,2022,2022
"Antares Ventures",1,2,2,1,1,2024,2024
"Arca Continental SAB de CV",1,2,2,1,1,2021,2021
"Argor Capital Management Pte Ltd",1,2,2,1,1,2020,2020
"Artesian Capital Management Lp",4,2,0.5,4,2,2020,2022
"Auctus Capital Services Pvt Ltd",1,2,2,1,1,2021,2021
"Axis Finvest Advisory LLP",1,2,2,1,1,2007,2007
"CCM Investment Advisers LLC",1,2,2,1,1,2023,2023
"Candy Ventures SARL",2,2,1,1,1,2019,2021
"Capier Venture Partners India Llp",1,2,2,1,1,2024,2024
"Cdh China Management Co. Ltd. (Limited Partnership)",1,2,2,1,1,2018,2018
"Ce Ventures Ltd",1,2,2,1,1,2024,2024
"Centre Court Capital",1,2,2,1,1,2024,2024
"Cisco Investments Inc",1,2,2,1,1,2018,2018
"Colle Capital",1,2,2,1,1,2021,2021
"Commerce Ventures Management LLC",1,2,2,1,1,2021,2021
"DG Ventures Inc",2,2,1,2,2,2019,2022
"Data Point Capital I LP",1,2,2,1,1,2021,2021
"Deberry Ventures",1,2,2,1,1,2011,2011
"Earlsfield Capital Partners LLP",2,2,1,2,1,2021,2021
"Enrission India Capital Inc",3,2,0.666666666666667,2,2,2024,2024
"Epic Ventures Inc",1,2,2,1,1,2024,2024
"FMC Ventures",1,2,2,1,1,2021,2021
"Factor(E) Ventures Ltd",2,2,1,1,1,2020,2021
"Firebolt Ventures Management Co LLC",1,2,2,1,1,2020,2020
"First Cheque LLP",5,2,0.4,5,2,2020,2024
"Force Ventures LLP",1,2,2,1,1,2023,2023
"FundersClub Inc",2,2,1,2,2,2014,2019
"GE Commercial Finance - Equity",1,2,2,1,1,2009,2009
"Ganesh Capital LLC",1,2,2,1,1,2018,2018
"Good Capital",3,2,0.666666666666667,1,1,2022,2024
"GreenHouse Ventures Pvt Ltd",3,2,0.666666666666667,2,2,2022,2024
"Growthstory",3,2,0.666666666666667,3,1,2019,2022
"HR Fund",3,2,0.666666666666667,3,3,2012,2018
"Hana Securities Co. Ltd",1,2,2,1,1,2021,2021
"Hem Angels",8,2,0.25,7,4,2021,2023
"Hyderabad Angels",12,2,0.166666666666667,10,5,2012,2024
"IA India Accelerator Pvt Ltd",15,2,0.133333333333333,15,6,2021,2024
"Inhealth Ventures Ltd",1,2,2,1,1,2024,2024
"Innospark Ventures LLC",2,2,1,2,1,2022,2022
"JiNA Ventures Inc",1,2,2,1,1,2006,2006
"Kaaj Ventures",2,2,1,2,2,2019,2021
"Legatum Capital",1,2,2,1,1,2007,2007
"Lenskart Vision Fund",2,2,1,2,1,2021,2021
"Lionrock Capital (Cayman) Ltd",1,2,2,1,1,2022,2022
"Louis Dreyfus Company Ventures",1,2,2,1,1,2022,2022
"Luckbox Ventures LLP",1,2,2,1,1,2023,2023
"Merak Ventures",2,2,1,2,1,2024,2024
"Mfv Partners",1,2,2,1,1,2023,2023
"Mistletoe Japan Inc",3,2,0.666666666666667,3,3,2019,2020
"Mitsui & Co Global Investment Inc",1,2,2,1,1,2011,2011
"Mount Judi Ventures LLP",4,2,0.5,4,2,2022,2024
"Mountain Partners AG",1,2,2,1,1,2023,2023
"Navam Capital Pvt Ltd",1,2,2,1,1,2023,2023
"Ndusage Partners",1,2,2,1,1,2018,2018
"Next47 GmbH",1,2,2,1,1,2020,2020
"Nurture Ventures Ltd",1,2,2,1,1,2023,2023
"OCP Asia Hong Kong Ltd",1,2,2,1,1,2013,2013
"Ocean 14 Capital Ltd",1,2,2,1,1,2024,2024
"Parampara Capital & Management Consultants LLP",3,2,0.666666666666667,3,1,2017,2020
"Pelion Venture Partners",1,2,2,1,1,2018,2018
"Phi Advisors Pvt Ltd",1,2,2,1,1,2011,2011
"Picus Capital GmbH",1,2,2,1,1,2022,2022
"Pritt Investment Partners LLC",1,2,2,1,1,2022,2022
"Promus Holdings LLC",1,2,2,1,1,2023,2023
"Quilvest Capital Partners SA",1,2,2,1,1,2010,2010
"Rebel Management LLC",4,2,0.5,3,2,2021,2023
"Republic Capital Adviser LLC",1,2,2,1,1,2022,2022
"Rise Capital Management LLC",1,2,2,1,1,2015,2015
"SRI Capital",1,2,2,1,1,2018,2018
"Samarthya Investment Advisors",2,2,1,2,2,2023,2024
"Samsung Next LLC",1,2,2,1,1,2018,2018
"Sandbox Industries LLC",2,2,1,1,1,2011,2012
"Shanghai International Group Venture Capital Co Ltd",1,2,2,1,1,2021,2021
"She Capital",4,2,0.5,4,3,2020,2024
"Siddhi Capital LLC",1,2,2,1,1,2020,2020
"Simile Venture Partners",1,2,2,1,1,2019,2019
"Singapore Angel Network Pte Ltd",2,2,1,2,2,2019,2023
"Sorin Advisors LLP",2,2,1,2,2,2024,2024
"StartupXseed Ventures LLP",4,2,0.5,4,1,2017,2023
"Strategic Investment Fund",1,2,2,1,1,2022,2022
"Sun Eight Trading Co Ltd",1,2,2,1,1,2022,2022
"T Capital Partners Co. Ltd",1,2,2,1,1,2019,2019
"TDK Ventures Inc",2,2,1,2,1,2023,2023
"Tekton Ventures LLC",1,2,2,1,1,2019,2019
"Tenaya Capital Inc",1,2,2,1,1,2011,2011
"Thai Wah Ventures",1,2,2,1,1,2024,2024
"Thuja Capital Management Bv",1,2,2,1,1,2022,2022
"Tikun Olam Cannbit Pharmaceuticals Ltd",1,2,2,1,1,2021,2021
"True Venture Management LLC",1,2,2,1,1,2023,2023
"Tuscan Ventures Pvt Ltd",2,2,1,2,2,2008,2021
"UNLEASH Capital Partners Inc",1,2,2,1,1,2024,2024
"VII Ventures",1,2,2,1,1,2021,2021
"Venture Collective LLC The",1,2,2,1,1,2022,2022
"Veronorte SAS",1,2,2,1,1,2021,2021
"Vgc Partners Llp",1,2,2,1,1,2015,2015
"Wavemaker Partners LLC",2,2,1,1,1,2020,2021
"Xpanse Services Llp",4,2,0.5,4,3,2021,2023
"Yara Growth Ventures AS",1,2,2,1,1,2022,2022
"iSeed Ventures",1,2,2,1,1,2022,2022
"1Up Ventures LP",1,1,1,1,1,2021,2021
"3to1 Capital",1,1,1,1,1,2024,2024
"ADvantage LP",1,1,1,1,1,2023,2023
"AWE Funds LLC",4,1,0.25,4,3,2020,2024
"Aeravti Ventures",1,1,1,1,1,2024,2024
"Ah Ventures India Pvt Ltd",32,1,0.03125,27,7,2014,2024
"Amand Ventures Pte Ltd",1,1,1,1,1,2020,2020
"Anchorage Capital Partners Ltd",2,1,0.5,2,2,2023,2024
"Angelbay Holdings Pvt Ltd",8,1,0.125,8,5,2020,2024
"Anikarth Ventures",1,1,1,1,1,2024,2024
"Asia Mezzanine Capital Advisers Ltd",1,1,1,1,1,2011,2011
"Astarc Ventures",4,1,0.25,4,2,2020,2023
"Asymmetry Ventures",1,1,1,1,1,2022,2022
"Atomic Capital",1,1,1,1,1,2024,2024
"Auxano Entrepreneur Trust",6,1,0.166666666666667,5,2,2021,2023
"Basf Venture Capital GmbH",1,1,1,1,1,2021,2021
"Battery Ventures LP",2,1,0.5,2,2,2007,2009
"Beenos Asia Pte Ltd",1,1,1,1,1,2017,2017
"Beyond Capital Ventures",3,1,0.333333333333333,3,2,2022,2024
"Bitkraft Esports Ventures GmbH & Co KG I. Gr",1,1,1,1,1,2020,2020
"Bold Business Opportunities for l'Oreal Development SAS",1,1,1,1,1,2024,2024
"Cac Capital Co. Ltd",1,1,1,1,1,2024,2024
"Calibre Ventures Pte Ltd",1,1,1,1,1,2019,2019
"Callapina Capital LLC",4,1,0.25,4,1,2021,2024
"Caret Capital",3,1,0.333333333333333,3,2,2023,2024
"Cathexis Capital LP",1,1,1,1,1,2021,2021
"Chakra Growth Capital LLC",2,1,0.5,2,2,2024,2024
"Circulate Capital LLC",2,1,0.5,2,1,2022,2023
"Clearwater Capital Management",2,1,0.5,2,2,2006,2015
"Climate Angels Network",4,1,0.25,3,3,2022,2024
"Climate Capital",1,1,1,1,1,2021,2021
"Climate Pledge Fund",1,1,1,1,1,2021,2021
"Contrarian Capital Management LLC",1,1,1,1,1,2018,2018
"Cornerstone Capital Partners Inc",1,1,1,1,1,2022,2022
"Crescent Point Energy Corp",1,1,1,1,1,2022,2022
"Das Capital SG Pte Ltd",3,1,0.333333333333333,1,1,2019,2020
"Dell Technologies Inc",1,1,1,1,1,2022,2022
"Digital Garage Inc",1,1,1,1,1,2017,2017
"Digital Sparrow Capital Llp",1,1,1,1,1,2024,2024
"Draper Associates Inc",1,1,1,1,1,2021,2021
"EMV Capital Ltd",2,1,0.5,1,1,2020,2021
"Eka Ventures LLP",1,1,1,1,1,2021,2021
"Emerald Technology Ventures AG",1,1,1,1,1,2024,2024
"Emergent Ventures LP",1,1,1,1,1,2021,2021
"Equanimity Investments Ltd",7,1,0.142857142857143,7,5,2019,2024
"Eternal Capital",2,1,0.5,2,1,2024,2024
"Eximius Capital Ventures Pvt Ltd",1,1,1,1,1,2024,2024
"Faad Network Pvt Ltd",14,1,0.0714285714285714,13,6,2021,2024
"First Founder Investment Adviser LLP",12,1,0.0833333333333333,11,5,2021,2024
"Florintree Advisors Pvt Ltd",5,1,0.2,5,2,2022,2023
"Fluid Ventures",4,1,0.25,3,2,2021,2024
"Gabriel Venture Partners LP",1,1,1,1,1,2006,2006
"Gl Asset Management Pte Ltd",1,1,1,1,1,2019,2019
"Global IoT Technology Ventures Inc",1,1,1,1,1,2020,2020
"Globevestor Inc",1,1,1,1,1,2021,2021
"Godrej Agrovet Ltd",2,1,0.5,2,2,2012,2018
"Goldbell Investments",1,1,1,1,1,2020,2020
"Gradcapital Advisors Pvt Ltd",1,1,1,1,1,2024,2024
"Grow",1,1,1,1,1,2020,2020
"Huddle Ventures",2,1,0.5,2,1,2024,2024
"ICMG Partners Co Ltd",1,1,1,1,1,2021,2021
"IDG Capital Partners Inc",1,1,1,1,1,2017,2017
"India Innovation Fund",2,1,0.5,2,2,2011,2012
"Jan Cap Pte Ltd",1,1,1,1,1,2021,2021
"Jani Ventures",2,1,0.5,2,2,2022,2022
"Jetty Ventures India Investments Pvt Ltd",1,1,1,1,1,2020,2020
"Kaedan Capital Ltd",1,1,1,1,1,2021,2021
"Kaplan VC LLC",1,1,1,1,1,2011,2011
"Karnataka Innovation & Technology Venture Capital Fund",6,1,0.166666666666667,5,3,2006,2023
"Keiretsu Forum",25,1,0.04,21,6,2005,2024
"Keiretsu Ventures Inc",1,1,1,1,1,2023,2023
"Kia Ora Ventures Pvt Ltd",1,1,1,1,1,2024,2024
"Kt Venture Group LLC",1,1,1,1,1,2006,2006
"L Catterton Europe SAS",2,1,0.5,1,1,2012,2013
"Lead Angels Network",17,1,0.0588235294117647,15,6,2019,2024
"Lendenclub Techserve Pvt Ltd",1,1,1,1,1,2022,2022
"Leo Capital Holdings LLC",3,1,0.333333333333333,1,1,2019,2021
"Lifetime Ventures",1,1,1,1,1,2023,2023
"Lighthouse Canton Pte Ltd",2,1,0.5,2,2,2024,2024
"Lumikai Interactive LLP",2,1,0.5,1,1,2021,2024
"Luxor Capital Group LP",1,1,1,1,1,2021,2021
"Madison Capital Funding LLC",2,1,0.5,2,2,2018,2019
"Maharashtra Defence and Aerospace Venture Fund",2,1,0.5,1,1,2020,2022
"Menterra Venture Advisors Pvt Ltd",2,1,0.5,2,2,2017,2019
"Mistry Ventures LLP",2,1,0.5,2,2,2022,2024
"Mit Alumni Angels",1,1,1,1,1,2022,2022
"Mixi Global Investments Inc",1,1,1,1,1,2024,2024
"Moneta Ventures LLC",1,1,1,1,1,2021,2021
"Mtg Co Ltd",1,1,1,1,1,2023,2023
"N+1 Capital",7,1,0.142857142857143,6,5,2021,2024
"National Investor Dubai Ltd",1,1,1,1,1,2007,2007
"Nbm Management LP",1,1,1,1,1,2020,2020
"Ncubate Capital Partners",5,1,0.2,4,3,2012,2023
"Newid Capital LLC",1,1,1,1,1,2017,2017
"Novak Biddle Venture Partners LP",1,1,1,1,1,2008,2008
"O2 Vc Fund",1,1,1,1,1,2023,2023
"Oil and Natural Gas Corporation Ltd",2,1,0.5,2,2,2021,2021
"Origo Partners PLC",3,1,0.333333333333333,2,2,2007,2008
"Otp Venture Partners",1,1,1,1,1,2024,2024
"Peak Venture Advisors LLP",1,1,1,1,1,2024,2024
"PineBridge Investments Asia Ltd",1,1,1,1,1,2009,2009
"Pioneer Fund",2,1,0.5,2,2,2021,2021
"Pitchright Ventures Pvt Ltd",1,1,1,1,1,2024,2024
"Play Ventures Pte Ltd",2,1,0.5,1,1,2021,2024
"Powerhouse Ventures LLC",2,1,0.5,2,2,2020,2023
"Prath Ventures",3,1,0.333333333333333,2,2,2023,2024
"Pratithi Investments Pvt Ltd",1,1,1,1,1,2024,2024
"Promus Equity Partners LLC",1,1,1,1,1,2011,2011
"Proof Ventures LLC",1,1,1,1,1,2019,2019
"Purvi Capital, LLC",1,1,1,1,1,2020,2020
"Quiet Capital Management LP",1,1,1,1,1,2021,2021
"Rainforest Venture Network Pvt Ltd",1,1,1,1,1,2019,2019
"Rainmaking Innovation",2,1,0.5,2,2,2022,2024
"Rakuten Group Inc",1,1,1,1,1,2023,2023
"Reach Capital",1,1,1,1,1,2024,2024
"Real Time Accelerator Fund",9,1,0.111111111111111,9,4,2023,2024
"Rockstud Capital LLP",6,1,0.166666666666667,6,3,2020,2021
"SARA Investments",1,1,1,1,1,2020,2020
"SL Entrepreneurs Pvt Ltd",5,1,0.2,4,2,2022,2023
"SVG Partners LLC",1,1,1,1,1,2020,2020
"Sangam Ventures",1,1,1,1,1,2021,2021
"Schneider Electric Energy Access Asia",2,1,0.5,2,2,2021,2023
"Seeders LLP",5,1,0.2,5,4,2021,2022
"SenseAI Ventures",2,1,0.5,2,1,2022,2022
"Shakti Capital",1,1,1,1,1,2021,2021
"Shell Ventures Bv",1,1,1,1,1,2024,2024
"Skycatcher LLC",1,1,1,1,1,2021,2021
"Smilegate Investment Inc",1,1,1,1,1,2019,2019
"Societe Generale SA",2,1,0.5,2,2,2006,2021
"Sphitigram Ventures Private Ltd",1,1,1,1,1,2022,2022
"Sprout Investment Advisors Llp",4,1,0.25,3,2,2017,2021
"Stanford Angels & Entrepreneurs",4,1,0.25,4,2,2020,2022
"Startup India Seed Fund Scheme",2,1,0.5,2,2,2023,2024
"TARO Ventures",1,1,1,1,1,2023,2023
"TC Capital Managers LLP",1,1,1,1,1,2017,2017
"Thought Into Action Ventures LLC",1,1,1,1,1,2022,2022
"Total Carbon Neutrality Ventures Europe",1,1,1,1,1,2021,2021
"Touchstone Equities Ltd",2,1,0.5,2,1,2019,2020
"Tradeworksvc",1,1,1,1,1,2022,2022
"Trail Mix Ventures Fund LP",1,1,1,1,1,2022,2022
"Transition Global Management Ltd",1,1,1,1,1,2024,2024
"Trtl Ventures",3,1,0.333333333333333,2,2,2024,2024
"Tsm Ventures Inc",1,1,1,1,1,2024,2024
"Turbostart Global Events LLP",5,1,0.2,5,4,2023,2024
"Universal Materials Incubator Co Ltd",1,1,1,1,1,2023,2023
"Upaya Social Ventures",7,1,0.142857142857143,7,4,2020,2024
"Vamm Ventures",1,1,1,1,1,2019,2019
"Varde Partners Inc",8,1,0.125,7,5,2015,2024
"Velo Partners",1,1,1,1,1,2020,2020
"Weekend Fund LP",1,1,1,1,1,2021,2021
"Westsummit Capital Management Ltd",1,1,1,1,1,2021,2021
"White Whale Ventures",1,1,1,1,1,2024,2024
"Worldquant Ventures LLC",1,1,1,1,1,2021,2021
"Yatra Angel Network Venture Enablers LLP",3,1,0.333333333333333,2,2,2021,2023
"Z Nation Lab",3,1,0.333333333333333,3,3,2024,2024
"Z21 Ventures",2,1,0.5,2,2,2023,2024
"Z5 Capital LLC",1,1,1,1,1,2021,2021
"iSeed",1,1,1,1,1,2022,2022
"2am Ventures LLP",3,0,0,2,1,2021,2022
"35North Ventures LLP",2,0,0,2,2,2022,2024
"37.37 North Capital India LLP",1,0,0,1,1,2018,2018
"4P Capital Management GmbH",1,0,0,1,1,2024,2024
"7square Ventures",3,0,0,2,2,2022,2023
"91 Ventures",2,0,0,2,2,2022,2023
"A&M Capital Advisors LP",1,0,0,1,1,2024,2024
"AC Ventures LP",1,0,0,1,1,2024,2024
"AIG Global Real Estate Investment Corp",1,0,0,1,1,2012,2012
"AME Cloud Ventures LLC",1,0,0,1,1,2017,2017
"AMP Capital Investors Ltd",2,0,0,2,2,2009,2021
"ARUN Seed",1,0,0,1,1,2023,2023
"Aarin Asset Advisors LLP",4,0,0,4,2,2017,2019
"Accelerating Asia Pte Ltd",2,0,0,2,2,2022,2024
"Accelnest LLC",1,0,0,1,1,2022,2022
"Access Asset Managers Pvt Ltd",1,0,0,1,1,2016,2016
"Affinity Equity Partners HK Ltd",1,0,0,1,1,2006,2006
"Agility Capital Inc",1,0,0,1,1,2020,2020
"Agility Ventures Pvt Ltd",7,0,0,7,4,2021,2024
"Ahaana Ventures",1,0,0,1,1,2023,2023
"Al Ain Capital LLC",1,0,0,1,1,2007,2007
"Al Anwar Investments SAOG",1,0,0,1,1,2007,2007
"Alara Capital Partners LLC",1,0,0,1,1,2007,2007
"Alliancebernstein LP",1,0,0,1,1,2012,2012
"Allin Capital Llc",2,0,0,2,2,2023,2023
"Aloe Private Equity SAS",3,0,0,2,2,2009,2010
"Alpha Financial Management AG in Liquidation",1,0,0,1,1,2019,2019
"Alta Capital",1,0,0,1,1,2023,2023
"Alta Capital Real Estate",1,0,0,1,1,2023,2023
"Americorp Ventures Ltd",1,0,0,1,1,2016,2016
"Amistad Ventures LLC",2,0,0,1,1,2018,2019
"Amity Capital Ventures Pvt Ltd",1,0,0,1,1,2023,2023
"Amundi Private Equity Funds SAS",1,0,0,1,1,2023,2023
"Amvensys Capital Group LLC",1,0,0,1,1,2012,2012
"Anacap Members Llp",1,0,0,1,1,2020,2020
"Anay Ventures",1,0,0,1,1,2024,2024
"Angel Invest GmbH",1,0,0,1,1,2022,2022
"Angel Network MIddle East",1,0,0,1,1,2018,2018
"Antler Innovation Pte Ltd",3,0,0,3,3,2024,2024
"Anugraha Ventures Ltd",1,0,0,1,1,2023,2023
"Applied Ventures LLC",2,0,0,2,2,2008,2010
"Appyhigh Technology LLP",2,0,0,2,2,2021,2021
"Arcanum Capital LLC",1,0,0,1,1,2022,2022
"Arcapita Group Holdings Ltd",1,0,0,1,1,2008,2008
"Ardian France SA",1,0,0,1,1,2008,2008
"Ares Management LLC",1,0,0,1,1,2022,2022
"Arisaig Partners (Asia) Pte Ltd",2,0,0,2,1,2005,2012
"Armat Group SA",1,0,0,1,1,2015,2015
"Arpwood Capital Pvt Ltd",2,0,0,2,2,2022,2024
"Ashmore Investment Management Ltd",3,0,0,2,2,2007,2011
"Atal Incubation Centre - Shiv Nadar University",2,0,0,2,1,2023,2023
"Athenian Fund Management Inc",1,0,0,1,1,2010,2010
"Atrium Angels",1,0,0,1,1,2024,2024
"Atyant Capital Management LLC",1,0,0,1,1,2019,2019
"Avenue Venture Partners Investment Adviser LLP",1,0,0,1,1,2015,2015
"Avenue Ventures LLC",1,0,0,1,1,2014,2014
"Axiom Asia Private Capital Pte Ltd",4,0,0,4,4,2023,2023
"Axis Capital Corp",2,0,0,1,1,2017,2018
"BARING PRIVATE EQUITY PARTNERS GROUP LLP",1,0,0,1,1,2006,2006
"BASIL GROWTH CORP",3,0,0,3,3,2010,2011
"BIG Capital LLC",1,0,0,1,1,2023,2023
"BITS Spark Angels",2,0,0,2,1,2022,2023
"BNP Paribas Developpement SA",1,0,0,1,1,2007,2007
"BNP Paribas Principal Inc",1,0,0,1,1,2021,2021
"Baksh Capital Pte Ltd",1,0,0,1,1,2022,2022
"Balyasny Asset Management LP",1,0,0,1,1,2007,2007
"Bandai Namco Entertainment Inc",1,0,0,1,1,2023,2023
"Beacon Partners Inc",1,0,0,1,1,2011,2011
"Belltower Fund Group Ltd",1,0,0,1,1,2024,2024
"Bernhard Schulte (Singapore) Holdings Pte Ltd",1,0,0,1,1,2022,2022
"Beta Boom LLC",1,0,0,1,1,2022,2022
"Beyond Capital Partners GmbH",1,0,0,1,1,2020,2020
"BeyondSeed Venture Solutions Pte Ltd",1,0,0,1,1,2023,2023
"Bharat Founders Fund",1,0,0,1,1,2022,2022
"Bioangels Network",1,0,0,1,1,2024,2024
"Bisk Ventures Inc",2,0,0,2,2,2021,2024
"Black Dragon Capital LLC",2,0,0,2,1,2015,2020
"Blackstone GPV Capital Partners (Mauritius) VI FVCI Ltd",1,0,0,1,1,2012,2012
"Blade Partners LLC",1,0,0,1,1,2009,2009
"Bling Capital LLC",1,0,0,1,1,2020,2020
"Blitzscaling Ventures LLC",1,0,0,1,1,2024,2024
"Blockchain Founders Fund",1,0,0,1,1,2022,2022
"Blue Earth Capital AG",1,0,0,1,1,2024,2024
"Blue Ridge Capital LLC",1,0,0,1,1,2007,2007
"Blue Wolf Capital Partners LLC",1,0,0,1,1,2021,2021
"Bluelotus Ventures",1,0,0,1,1,2023,2023
"Bluestone Equity Partners",1,0,0,1,1,2023,2023
"Bravia Capital Partners Inc",2,0,0,2,2,2015,2016
"Brighton Park Capital Management LP",4,0,0,1,1,2021,2024
"Brownsavano Direct Capital Partners, L.P.",1,0,0,1,1,2024,2024
"Brtsif",1,0,0,1,1,2023,2023
"CDIB Capital Group",1,0,0,1,1,2011,2011
"CIM Group LP",1,0,0,1,1,2021,2021
"CIO Angel Network",2,0,0,2,1,2019,2020
"CM Ventures",3,0,0,1,1,2021,2022
"Calcutta Angels Network",1,0,0,1,1,2016,2016
"California Public Employees Retirement System",1,0,0,1,1,2024,2024
"Calvert Fund",1,0,0,1,1,2021,2021
"Campus Angels Network",1,0,0,1,1,2024,2024
"Campus Fund Advisors LLP",3,0,0,3,3,2022,2024
"Canyon Partners Real Estate LLC",1,0,0,1,1,2021,2021
"Cap70 Angels Pvt Ltd",1,0,0,1,1,2022,2022
"Capital Square Partners Pte Ltd",2,0,0,2,2,2017,2024
"Cdm Partners Advisors Llp",1,0,0,1,1,2024,2024
"Centerview Partners LLC",1,0,0,1,1,2021,2021
"Centre For Cellular & Molecular Platforms",3,0,0,3,2,2022,2024
"Chandigarh Angels Network",7,0,0,6,4,2016,2024
"Chatterjee Group Inc",5,0,0,3,1,2016,2022
"Chimera Partners Ltd",1,0,0,1,1,2021,2021
"Cipla Ventures",1,0,0,1,1,2022,2022
"Citi Ventures Inc",1,0,0,1,1,2023,2023
"Citibank Venture Capital India",1,0,0,1,1,2009,2009
"Citigroup Private Bank (Us)",1,0,0,1,1,2007,2007
"Citigroup Venture Capital International Brazil LP",1,0,0,1,1,2018,2018
"Clermont Group",1,0,0,1,1,2022,2022
"Cloud Capital VC",1,0,0,1,1,2024,2024
"Colossa Ventures LLP",1,0,0,1,1,2024,2024
"Comvest Partners",1,0,0,1,1,2021,2021
"Cordiant Capital Inc",2,0,0,1,1,2006,2009
"Core91 Vc Llp",1,0,0,1,1,2022,2022
"Corsa Ventures LLC",1,0,0,1,1,2021,2021
"Craton Equity Partners LLC",1,0,0,1,1,2023,2023
"DBS Private Equity",1,0,0,1,1,2008,2008
"DP World Ltd",1,0,0,1,1,2019,2019
"Daoyuan Capital Management (Beijing) Co Ltd",1,0,0,1,1,2023,2023
"Dare Ventures Ltd",1,0,0,1,1,2023,2023
"Data Collective LLC",1,0,0,1,1,2019,2019
"Davidson Kempner Capital Management LP",2,0,0,2,1,2023,2024
"Deepbridge Capital LLP",1,0,0,1,1,2021,2021
"Delos Capital LLC",3,0,0,1,1,2018,2019
"Derbi Foundation",1,0,0,1,1,2022,2022
"Dev Accelerator Pvt Ltd",4,0,0,4,1,2021,2022
"Devc India",1,0,0,1,1,2024,2024
"Development Partners International LLP",1,0,0,1,1,2020,2020
"Dexter Angels",4,0,0,3,3,2021,2023
"Dexter Ventures",1,0,0,1,1,2024,2024
"Digital Futurists Angels Pvt Ltd",2,0,0,2,2,2023,2024
"Dominor Investment Holding LLP",1,0,0,1,1,2022,2022
"Dream Green Capital Venture",1,0,0,1,1,2023,2023
"Dubai Investment Group",3,0,0,3,3,2007,2008
"Duro Capital Advisors Pte Ltd",1,0,0,1,1,2024,2024
"E2mc Ventures",1,0,0,1,1,2023,2023
"EMK Capital Partners LP",1,0,0,1,1,2023,2023
"EQT Partners AB",3,0,0,1,1,2020,2024
"Eagle10 Ventures",4,0,0,4,3,2019,2024
"Easy Click Worldwide Network Technology Co Ltd",1,0,0,1,1,2016,2016
"Ecosystem Ventures LLC",5,0,0,4,3,2021,2022
"Edfi Management Co Sa",1,0,0,1,1,2023,2023
"Educomp Investment Management Ltd",1,0,0,1,1,2011,2011
"Elevate Innovation Partners LLC",1,0,0,1,1,2017,2017
"Emerald India Media Advisors Pvt Ltd",1,0,0,1,1,2018,2018
"Emery Capital ZAO",1,0,0,1,1,2018,2018
"Enam Holdings",2,0,0,2,2,2024,2024
"Engie New Ventures SA",1,0,0,1,1,2014,2014
"Enterprise Ventures Ltd",1,0,0,1,1,2021,2021
"Epic Angels",1,0,0,1,1,2023,2023
"Epsilon Venture Partners Ltd",1,0,0,1,1,2017,2017
"Equis Pte Ltd",1,0,0,1,1,2015,2015
"Essel Group",1,0,0,1,1,2017,2017
"Expert Dojo Inc",2,0,0,2,1,2021,2024
"FAO Ventures LLP",1,0,0,1,1,2021,2021
"FPE Capital LLP",1,0,0,1,1,2021,2021
"Fairfax Financial Holdings Ltd",3,0,0,2,2,2015,2023
"Farallon Capital Management LLC",1,0,0,1,1,2008,2008
"Fashion for Good BV",2,0,0,2,1,2021,2023
"Fe Clean Energy Group Inc.",1,0,0,1,1,2008,2008
"Fidelity Capital Business Services Group",1,0,0,1,1,2007,2007
"Fidelity Investment",3,0,0,3,2,2006,2021
"Finaventures LLC",1,0,0,1,1,2012,2012
"Finnest",1,0,0,1,1,2024,2024
"Finvolve",2,0,0,2,2,2023,2024
"First Bridge Investment Managers Pvt Ltd",1,0,0,1,1,2024,2024
"First Reserve Corp",2,0,0,2,1,2008,2016
"First Round Capital",1,0,0,1,1,2012,2012
"Foundation Pte Equity",3,0,0,3,3,2023,2023
"Founder's Room Capital",2,0,0,2,2,2022,2022
"Freeflow Ventures LLC",1,0,0,1,1,2024,2024
"Fundalogical Ventures",1,0,0,1,1,2024,2024
"GI Ventures",3,0,0,3,2,2024,2024
"GLP Pte Ltd",1,0,0,1,1,2018,2018
"Gateway Management Company Pte Ltd",2,0,0,2,2,2015,2020
"General Electric Equity",1,0,0,1,1,2012,2012
"Global Alternative Investment Management LLC",1,0,0,1,1,2024,2024
"Global Infrastructure Management LLC",3,0,0,3,3,2007,2019
"Global Superangels Forum",9,0,0,6,4,2012,2024
"Global Technology Ventures",1,0,0,1,1,2011,2011
"Goldpoint Partners LLC",2,0,0,2,2,2007,2007
"Good Capitalz Pvt Ltd",2,0,0,2,1,2019,2020
"Gray Ghost Ventures",1,0,0,1,1,2013,2013
"Gray Matters Capital Inc",1,0,0,1,1,2024,2024
"Grid.vc Oy",1,0,0,1,1,2024,2024
"Gujarat Angel Investor Network",1,0,0,1,1,2020,2020
"Gujarat University Startup & Entrepreneurship Council",2,0,0,2,2,2021,2022
"Guptaji Invests",4,0,0,3,3,2023,2023
"Harbor Spring Capital LLC",1,0,0,1,1,2021,2021
"Hestia Holdings LLC",1,0,0,1,1,2021,2021
"Hyderabad Information Technology Venture Enterprises Ltd",1,0,0,1,1,2005,2005
"I Squared Capital Advisors Group",2,0,0,2,1,2016,2023
"IDI Emerging Markets Partners SARL",1,0,0,1,1,2015,2015
"IIIT-Hyderabad Seed",2,0,0,1,1,2022,2024
"IIM Lucknow Enterprise Incubation Centre",1,0,0,1,1,2024,2024
"INNOVEN GROUP",3,0,0,3,1,2016,2021
"Iangels Crowd Ltd",3,0,0,3,2,2023,2023
"Icebreaker Fund Management Oy",1,0,0,1,1,2022,2022
"Icebreaker Tech LLP",1,0,0,1,1,2023,2023
"Iceland Venture Studio",1,0,0,1,1,2023,2023
"Impact Investment Exchange Pte Ltd",2,0,0,2,1,2024,2024
"Imperier Holdings",1,0,0,1,1,2023,2023
"India Educational Investment Fund LLC",1,0,0,1,1,2015,2015
"Infinity Capital LLC",2,0,0,2,2,2005,2008
"Infinity India Advisors PvtLtd",1,0,0,1,1,2007,2007
"Infosys Ltd",1,0,0,1,1,2024,2024
"Innoventures Capital Partners",6,0,0,2,2,2006,2017
"Insead Angels",2,0,0,1,1,2020,2021
"Investec Private Equity",1,0,0,1,1,2022,2022
"Investo Monk India Pvt Ltd",1,0,0,1,1,2023,2023
"Invus Group LLC",1,0,0,1,1,2013,2013
"Ireo Management Pvt Ltd",1,0,0,1,1,2013,2013
"Itochu Corp",1,0,0,1,1,2008,2008
"Ivanhoe Cambridge Inc",1,0,0,1,1,2021,2021
"JC Flowers & Co LLC",1,0,0,1,1,2007,2007
"JLL Spark Global Ventures Fund I LP",1,0,0,1,1,2019,2019
"JN Capital & Growth Advisory Pte Ltd",1,0,0,1,1,2022,2022
"JSS STEP Incubator",1,0,0,1,1,2023,2023
"Jashvik Capital Advisory Llp",1,0,0,1,1,2022,2022
"July Ventures LLP",1,0,0,1,1,2024,2024
"Jupiter Capital Pvt Ltd",1,0,0,1,1,2022,2022
"Justice Accelerator",1,0,0,1,1,2023,2023
"Karman Ventures",1,0,0,1,1,2022,2022
"Karmaya Advisors Pvt Ltd",3,0,0,3,2,2023,2024
"Kerala Angel Network",1,0,0,1,1,2024,2024
"KfW",1,0,0,1,1,2013,2013
"Kinnevik AB",1,0,0,1,1,2016,2016
"Kitara Capital",2,0,0,1,1,2011,2020
"Konglo Ventures",1,0,0,1,1,2021,2021
"Kube Vc",1,0,0,1,1,2024,2024
"LTG Development Capital Ltd",1,0,0,1,1,2008,2008
"Latin America Equity Partners",1,0,0,1,1,2006,2006
"Lavni Ventures USA LLC",5,0,0,5,3,2021,2023
"Learn Capital LLC",3,0,0,1,1,2021,2022
"Leblon Capital GmbH",1,0,0,1,1,2024,2024
"Liquid 2 Ventures LP",1,0,0,1,1,2021,2021
"Lone Star Fund Ltd",1,0,0,1,1,2018,2018
"Loyal Venture Advisors Inc",10,0,0,5,3,2021,2023
"Lynett Capital LLC",1,0,0,1,1,2019,2019
"M&G Investment Management Ltd",1,0,0,1,1,2024,2024
"Macquarie Capital Alliance Management Pty Ltd",1,0,0,1,1,2023,2023
"Macquarie Capital Principal Finance",1,0,0,1,1,2023,2023
"Magehold Pte Ltd",4,0,0,4,3,2021,2022
"Magic Fund",2,0,0,1,1,2021,2022
"Malpani Venture Pvt Ltd",4,0,0,4,3,2020,2023
"Mantra Capital Partners LLC",1,0,0,1,1,2020,2020
"Marl Accelerator LLC",1,0,0,1,1,2024,2024
"Marsshot Ventures LLP",2,0,0,2,2,2021,2022
"Maruti Suzuki Innovation Lab",2,0,0,1,1,2022,2024
"Marwari Angel Network",2,0,0,2,2,2020,2022
"Marwari Catalyts Ventures Inc",3,0,0,2,2,2023,2024
"Matrix Partners China Management Ltd",1,0,0,1,1,2024,2024
"Mercatus Capital Pte Ltd",1,0,0,1,1,2008,2008
"Merck Ventures BV",1,0,0,1,1,2024,2024
"Merrill Lynch Global Emerging Markets Group",1,0,0,1,1,2021,2021
"Mga Ventures",1,0,0,1,1,2024,2024
"Microsoft Corp",1,0,0,1,1,2008,2008
"Millennium Private Equity Ltd",2,0,0,2,1,2007,2009
"Mirae Asset Venture Investment",1,0,0,1,1,2024,2024
"Modulor Capital Advisors LLP",5,0,0,5,1,2021,2022
"Morphosis Venture Capital Limited",1,0,0,1,1,2024,2024
"Mulessons Pvt Ltd",1,0,0,1,1,2023,2023
"Mutares Se & Co KGaA",1,0,0,1,1,2020,2020
"MyAsiaVC",1,0,0,1,1,2022,2022
"NXT Capital Venture Finance",1,0,0,1,1,2021,2021
"Nafa Capital Advisors Pvt Ltd",1,0,0,1,1,2022,2022
"Native Angels Network Association",4,0,0,2,2,2021,2023
"Navlok Ventures Pvt Ltd",1,0,0,1,1,2013,2013
"Nazara Technologies Ltd",1,0,0,1,1,2014,2014
"New Tech Venture Pte Ltd",1,0,0,1,1,2024,2024
"Next47 Services GmbH",1,0,0,1,1,2009,2009
"Nippon Life India Asset Management Ltd",2,0,0,2,2,2006,2007
"Nithia Capital",1,0,0,1,1,2022,2022
"Nomura Private Equity Capital Co Ltd",1,0,0,1,1,2008,2008
"North Eastern Development Finance Venture Capital Ltd",1,0,0,1,1,2021,2021
"Novartis Venture Funds",1,0,0,1,1,2009,2009
"Novo Holdings A/S",2,0,0,2,1,2023,2024
"Nventures Pte Ltd",2,0,0,1,1,2021,2022
"O2 Angel Network Llp",1,0,0,1,1,2022,2022
"Ocgrow Ventures Ltd",1,0,0,1,1,2022,2022
"Omnicom Group Inc",1,0,0,1,1,2011,2011
"Omphalos Venture Partners LLC",2,0,0,2,1,2019,2022
"Ongc Start-Up",1,0,0,1,1,2021,2021
"Online Potato Consultancy Pvt Ltd",3,0,0,3,2,2022,2024
"Orbit Startups",1,0,0,1,1,2022,2022
"Orient Global",3,0,0,3,2,2007,2008
"Outlier Ventures Ltd",1,0,0,1,1,2022,2022
"Overseas Private Investment Corp",2,0,0,2,2,2014,2019
"PC Associes SAS",2,0,0,2,2,2015,2020
"Pactolus Ventures",1,0,0,1,1,2020,2020
"Paipal Ventures LLP",1,0,0,1,1,2022,2022
"Pamlico Capital LLC",1,0,0,1,1,2008,2008
"Passport Capital LLC",1,0,0,1,1,2008,2008
"Peaceful Progress LLP",2,0,0,2,1,2022,2022
"Persol Innovation Fund LLC",1,0,0,1,1,2022,2022
"Platinum Equity Advisors LLC",1,0,0,1,1,2024,2024
"Portobello Capital Advisors SL",1,0,0,1,1,2024,2024
"Potencia Ventures",1,0,0,1,1,2021,2021
"Powerhouse Ventures",3,0,0,2,1,2022,2023
"Pragma Business Ventures Pvt Ltd",4,0,0,4,4,2012,2016
"Pulsar Capital",1,0,0,1,1,2024,2024
"Pureland Group",1,0,0,1,1,2021,2021
"QS Batterymarch Financial Management Inc",1,0,0,1,1,2012,2012
"Qi Ventures",2,0,0,2,2,2023,2024
"Qinvest LLC",3,0,0,3,3,2010,2011
"RMB Corvest (Pty) Limited",1,0,0,1,1,2007,2007
"Raseel Investment Ltd",1,0,0,1,1,2010,2010
"Rebalance",1,0,0,1,1,2024,2024
"Recognize Partners",1,0,0,1,1,2023,2023
"Recruit Holdings Co Ltd",1,0,0,1,1,2018,2018
"RedBird Capital Partners Management LLC",1,0,0,1,1,2021,2021
"Redcliffe Capital Ltd",1,0,0,1,1,2017,2017
"Reliance Strategic Business Ventures",1,0,0,1,1,2024,2024
"Religare Enterprises Ltd",3,0,0,3,1,2009,2011
"Revx Capital",2,0,0,2,2,2024,2024
"Rhone Capital LLC",1,0,0,1,1,2020,2020
"Riceberg Ventures",1,0,0,1,1,2023,2023
"Riidl Somaiya",1,0,0,1,1,2023,2023
"RobeCo Private Equity",1,0,0,1,1,2016,2016
"Rosewood Private Investments Inc",1,0,0,1,1,2018,2018
"Rustic Partners LP",1,0,0,1,1,2010,2010
"SBICAP Ventures Ltd",3,0,0,3,2,2021,2022
"SEAVI Advent Corporation Ltd",1,0,0,1,1,2021,2021
"SHELTER VENTURE FUND L P",1,0,0,1,1,2021,2021
"SMBC Asia Rising Fund",1,0,0,1,1,2024,2024
"Sage Capital Funds Management Pvt Ltd",1,0,0,1,1,2009,2009
"Samyakth Capital",2,0,0,2,2,2021,2021
"San Angel Network",4,0,0,4,2,2023,2024
"Sarona Asset Management Inc",1,0,0,1,1,2013,2013
"Sarthi Angels Venture Foundation",1,0,0,1,1,2014,2014
"Sastra Vc",2,0,0,2,1,2021,2023
"Scale Ventures Pvt Ltd",1,0,0,1,1,2020,2020
"Science Inc",1,0,0,1,1,2012,2012
"ServiceNow Ecosystem Ventures",1,0,0,1,1,2024,2024
"Shell PLC",1,0,0,1,1,2021,2021
"Shorooq Partners Ltd",1,0,0,1,1,2018,2018
"Shuru-Up",3,0,0,2,2,2021,2024
"Silicon Road Ventures",2,0,0,2,2,2022,2022
"Simmons & Company International",1,0,0,1,1,2016,2016
"Singularity Capital",1,0,0,1,1,2024,2024
"Social Alpha",4,0,0,4,3,2021,2023
"Solarus Group Ltd",1,0,0,1,1,2021,2021
"Soma Capital Management LLC",1,0,0,1,1,2023,2023
"Spark Capital Partners LLC",2,0,0,2,1,2024,2024
"Speedfund",1,0,0,1,1,2023,2023
"Spinnaker Ventures",1,0,0,1,1,2007,2007
"Spring Marketing Capital",2,0,0,2,2,2023,2024
"Sprint Holdings LLC",1,0,0,1,1,2023,2023
"Srijan Capital",1,0,0,1,1,2013,2013
"Stanford Angels of the United Kingdom",2,0,0,2,1,2020,2021
"Starfish Ventures Pty Ltd",1,0,0,1,1,2023,2023
"Startup Angels Network LLP",5,0,0,2,1,2021,2023
"Startup Oasis",2,0,0,2,1,2021,2022
"Starwood Capital Group",1,0,0,1,1,2007,2007
"Sternaegis Ventures LLC",1,0,0,1,1,2023,2023
"Stevens Creek Ventures LLC",1,0,0,1,1,2018,2018
"Storm Ventures LLC",1,0,0,1,1,2022,2022
"Subhkam Ventures (I) Pvt Ltd",5,0,0,5,3,2007,2021
"Sucseed Venture Partners LLP",28,0,0,20,6,2019,2024
"Sun Venture Homes Pte Ltd",1,0,0,1,1,2022,2022
"Super Capital Group",1,0,0,1,1,2024,2024
"SuperMorpheus",5,0,0,4,4,2022,2023
"Supply Chain Labs",2,0,0,2,2,2021,2022
"Sustainable Food Ventures",1,0,0,1,1,2021,2021
"Swan Angel Network",1,0,0,1,1,2020,2020
"Swedfund International AB",4,0,0,4,4,2007,2021
"Synergy Management Ltd",2,0,0,2,2,2024,2024
"T-Accelerate Capital",1,0,0,1,1,2024,2024
"T-Phoenix Angel Forum",1,0,0,1,1,2023,2023
"TDV Partners",1,0,0,1,1,2024,2024
"TIW Equity Pvt",2,0,0,2,1,2019,2021
"TLG Capital Investments Ltd",1,0,0,1,1,2010,2010
"TWDC Enterprises 18 Corp",1,0,0,1,1,2012,2012
"Tamilnadu Infrastructure Fund Management Corp Ltd",2,0,0,2,2,2024,2024
"Tanas Capital Pte Ltd",2,0,0,2,1,2022,2024
"Tata Investment Corporation Ltd",1,0,0,1,1,2007,2007
"Teachers Insurance and Annuity Association of America",1,0,0,1,1,2012,2012
"Technology Venture Partners Pty Ltd",1,0,0,1,1,2019,2019
"Technosustain LLP",1,0,0,1,1,2020,2020
"Techstars Central LLC",4,0,0,1,1,2024,2024
"TeleSoft Partners LP",1,0,0,1,1,2021,2021
"Tenity Group AG",1,0,0,1,1,2024,2024
"Terrapin Partners LLC",1,0,0,1,1,2016,2016
"The Startuplab",1,0,0,1,1,2023,2023
"Theia Ventures",1,0,0,1,1,2021,2021
"Thinkuvate Pte Ltd",1,0,0,1,1,2021,2021
"Third Round Analytics Capital LLC",1,0,0,1,1,2024,2024
"Thirdbase Capital GP LLC",1,0,0,1,1,2024,2024
"TiE Angels",2,0,0,1,1,2023,2024
"Touchstone Partners",1,0,0,1,1,2023,2023
"TracxnLabs",1,0,0,1,1,2019,2019
"Tremis Capital",2,0,0,2,2,2022,2024
"Triodos Investment Management BV",1,0,0,1,1,2024,2024
"Triple Jump BV",2,0,0,2,1,2022,2023
"UBS Capital Corp",1,0,0,1,1,2007,2007
"Unigestion Holding SA",3,0,0,3,3,2023,2023
"Uniqorn Ventures",1,0,0,1,1,2018,2018
"Unisync Angels Private Ltd",1,0,0,1,1,2024,2024
"Unpopular Ventures LLC",1,0,0,1,1,2024,2024
"Upekkha Accelerator LLP",5,0,0,5,2,2024,2024
"Upsparks LLP",2,0,0,2,1,2023,2024
"Value Angels Investors Network",3,0,0,3,3,2023,2024
"Vc Grid",2,0,0,2,2,2024,2024
"VegInvest Trust",2,0,0,1,1,2020,2021
"Veltis Capital",1,0,0,1,1,2024,2024
"Venture Catalyst Inc",2,0,0,2,1,2017,2022
"VentureSouq Management Ltd",1,0,0,1,1,2019,2019
"Vibe Capital",1,0,0,1,1,2022,2022
"Village Capital & Investment LLC",1,0,0,1,1,2023,2023
"Villgro Innovations Foundation",4,0,0,4,4,2021,2024
"Visceral Capital",1,0,0,1,1,2024,2024
"Vora Ventures LLC",1,0,0,1,1,2018,2018
"WL Ross & Co LLC",2,0,0,2,2,2006,2008
"Wasserstein & Co LP",1,0,0,1,1,2007,2007
"WaterEquity Inc",1,0,0,1,1,2021,2021
"Waveform Ventures",1,0,0,1,1,2022,2022
"Western Capital Advisors Pvt Ltd",1,0,0,1,1,2021,2021
"White Oak Investments LLC",2,0,0,2,2,2020,2021
"Windrose Capital Pvt Ltd",3,0,0,3,2,2020,2024
"Wipro Ventures",1,0,0,1,1,2021,2021
"Woodstock Inc",1,0,0,1,1,2022,2022
"XVC Tech",1,0,0,1,1,2024,2024
"Xplorer Capital",1,0,0,1,1,2011,2011
"Yatra Capital Ltd",1,0,0,1,1,2008,2008
"Yes Bank Ltd",1,0,0,1,1,2023,2023
"YouWeCan Technologies LLP",2,0,0,2,2,2015,2015
"Yukti Securities Pvt Ltd",2,0,0,2,1,2020,2022
"Zenith Global Ltd",1,0,0,1,1,2022,2022
"Zero to One Partners Co Ltd",1,0,0,1,1,2023,2023
"Zeus Inframanagement Pvt Ltd",1,0,0,1,1,2007,2007
"indiaSTAR Partners, L.P.",1,0,0,1,1,2007,2007
